ARCH_frequency,mean_WT,mean_AT_min,aet_mm_syr,area,ari_ix_sav,run_mm_syr,pre_mm_syr,swc_pc_syr,cmi_ix_syr,tmp_dc_syr,ele_mt_sav,tmp_dc_smx
1.58974359,7.515739961,-1.3162590724394003,705.7602044507777,180.6074609467932,168.18083159876224,1277.6895649127368,1310.196993565304,93.85399012303182,38.63181193817221,39.418551366542815,617.8121478925863,172.518014141947
1.948717949,12.03909365,3.8920945046170736,782.9126169828401,236.87978447827115,125.94341256374662,808.7905429823005,1218.577043184815,86.98693421828071,20.95054937420406,88.06638168981476,150.97693388024473,214.03364406610143
2.461538462,12.46483712,3.7166379719040847,778.852635903298,1245.6082952382303,123.77699412179513,791.1454185827715,1197.92140794639,86.69095367707585,19.26436971009637,87.81695939871194,140.3506843700834,213.9168169300552
1.948717949,11.91160067,5.117217197279851,758.9850207353418,764.6960642634632,130.29442046290072,788.2595581792659,1202.590277066239,87.99747004903892,22.999386709389498,96.08968923092152,74.56489924807671,214.55608276256535
2.153846154,11.8698301,3.785213078285838,794.9042248302582,1328.1076807257882,126.4279797842142,792.65812339017,1223.1084128650514,87.83686444811153,20.73672363876374,86.42605271589598,178.9676041090811,210.34377960389375
2.102564103,11.29778924,3.037181892165274,786.6520429969818,391.3949554127165,125.77878831588548,760.3293151001365,1207.9295229614945,87.78422322551239,20.386979935740055,80.59136808878276,233.41456605408752,208.3789916834881
2.41025641,11.956197,3.2206577972019246,781.5021995938847,261.9211450368883,126.15191454008576,774.6169944672263,1203.83822664764,87.58007172973697,20.578793455413763,81.67556839459118,210.4433773179267,209.239435753016
2.358974359,12.51937939,3.7297544841564605,787.0329898421536,1835.9412747471863,126.51496981020186,792.2546210258646,1218.8451305269652,87.56479732676794,20.81681993627786,86.151547123384,169.48798706904284,211.36635865217255
1.769230769,11.41815571,4.663452786079105,794.9562131797162,230.40530206177976,128.54299992377088,795.133029538883,1241.053040186698,87.98860601489186,22.54351335365285,91.8538674835028,126.29799311648132,213.83435903370412
1.615384615,8.118195029,0.8821575582388518,777.838497290718,106.80930949164136,128.9861549922225,726.358779269702,1209.6454070124914,88.01504259080338,21.991674823590294,68.94620342382595,305.4057232705485,199.95892673059393
2,11.25019657,0.356026151581283,734.8503035582871,25002.629087406694,127.94492091358096,699.0498564190432,1126.588653848186,88.75404413400459,20.237475255633093,57.83589776370017,389.869544660532,190.6531770599367
2,10.77428882,3.9848725242369976,795.8920929986389,38.006131917108256,113.23791770832396,817.0614525899782,1145.1683553449006,85.056250922129,11.196112420301954,93.75069988616696,69.37397541539023,221.721808617953
1.666666667,9.174837826,3.1253026443327365,811.6025676163837,10.608145229646745,125.31537955280162,893.9137429175463,1231.103790518937,88.06153014414394,20.164067745761017,90.53465950287952,157.3131784210271,216.5898116776633
1.974358974,9.709132968,2.3742037865570316,790.6980906169096,976.2934203353608,132.58339314559083,865.0101913851526,1233.268711985898,89.90528896414165,24.21103841978495,76.00051484901985,344.50508535044037,203.46629010109996
2,11.04397922,2.850817889025165,796.6935692806708,1490.719518242426,129.29801458076236,868.3117761612122,1226.819936512159,89.0057145147905,22.134565542942088,80.69223486178623,278.77016796917565,208.3516492383022
1.794871795,12.22412525,3.9247662921952164,797.9024808938022,190.38492394852173,119.92068996242784,824.5330700299652,1186.3430583262727,86.96218336890627,16.90581812561847,90.03715909734622,130.3389845682776,216.06988778435084
1.666666667,11.09757863,4.319385590430729,796.9528740698606,270.8670921779403,128.9275014187652,819.7748867302478,1238.2634136666627,88.17978800292074,22.193765503400098,91.35144849992244,152.5445525463016,213.6128570042596
1.743589744,11.33175934,5.539032539284953,779.6871734703249,14.817998275767687,127.22905782344164,816.2068095281827,1205.1760493226957,88,21.11452891172081,100.77094217655838,55.84097449776139,221.8854710882792
2,11.97606431,4.761926445438685,807.385370710559,285.3422845017316,123.52293972753333,892.4703091545754,1219.7534391370448,87.50474084538611,19.009840429608783,97.42601398359275,98.64185449930042,222.41094635768633
2,10.75490593,1.6971203126289585,767.8339593759505,1208.6870472840135,124.00803895127622,791.9963022108976,1141.5296389584712,88.70569172347193,18.69413645773338,70.29893295279722,392.9495902085727,197.90888320501284
1.846153846,11.63029837,4.627031783048401,813.2738271788534,154.8602849564713,124.14290966256728,858.4955129970616,1215.5464127956575,88.69834719269195,19.42083989657873,93.97741789406926,172.23487597625396,217.1446432807886
1.974358974,11.84004844,2.812992817672135,790.757796814461,3992.5922731787928,124.48776753076376,838.7193187823221,1179.6393875399249,88.70619599484641,19.155237011655252,79.62063041285982,301.12829884668315,205.14503835560657
1.974358974,11.88880652,3.5820145623520876,805.4647541005234,673.4547046324963,129.79138679375572,901.1358353666968,1243.930513353952,89.19353831987789,22.99606178581444,86.3265932537042,241.18981946706535,211.15700496121764
1.717948718,12.04651713,5.808801178884494,794.9848933239355,25.99524899734307,123.59546799718063,884.2060426704259,1190.3516586365934,88.19848933239355,19.39697866478708,101.4045320028194,80.13050929010282,223.4045320028194
1.358974359,10.98817397,5.937544309895759,801.6097026644305,19.21356581715542,121.79193988174347,865.9114576999729,1186.7876847653154,87.26795483407521,17.584730786772596,104.04967214190782,52.29351641609408,225.20806011825653
1.743589744,10.8940403,4.841556215823002,809.8577383769207,53.69902001266706,125.84576300040284,857.2495424428106,1222.527991820195,88.30577880228732,20.213835029538647,98.7894540436506,127.1170971627394,220.88139781639933
1.666666667,12.80420598,6.692141564027708,776.0402478229429,189.9832830334617,122.97382769514992,793.8378766236505,1157.574348545486,87.01938749239551,18.954440202754416,109.02968879739645,36.55471288045231,227.075248594642
1.717948718,10.56768745,2.082088867391809,744.7946803066179,154.55795166357598,114.2332250069748,691.6998131939116,1054.6191627485196,87.04535739358201,12.158519317737316,71.76372071273599,310.8101929375425,202.65614932795427
1.615384615,10.29730694,3.32812736443884,731.8656475514819,40.56478072705689,98.17996817723822,589.0977856569046,957.3481681640928,82.02944851291765,-1.82003182276176,84.81675472302953,95.31001027766534,217.68624189528097
2.128205128,11.65815852,3.8530918405147014,829.6172267637726,364.4724284302651,116.21821817610144,646.457269557992,1170.673617477894,87.72202919360774,13.901580356711309,89.52404085816475,228.35138027207944,214.21208802472157
1.974358974,12.75121946,6.143422375388915,833.6503406432802,146.3141746723077,119.95667362676252,744.433263732375,1209.5358197715868,87.95667362676252,15.972131874781647,107.89157586994652,79.55169855056626,232.91944399516487
1.794871795,12.41476481,5.043326494574867,869.160828502384,179.80557859290974,121.23984567223512,694.9534649671875,1261.2936879135416,88.96730556612304,18.033267926998978,99.82913955645986,133.5091299873258,222.82450747859463
1.743589744,10.96262567,3.65356446340794,839.0161512099476,163.9312625675309,128.75125855689146,685.9694741359936,1262.4776382071248,89.96071300361639,21.853851362684686,89.0608578033614,299.9777788363536,212.09300549852497
2.025641026,11.64914209,4.60886820178848,827.9901499802882,318.36757936142186,125.9533316854112,734.8987861103456,1233.55586455708,89.50067766156474,20.42349130127564,95.3435741537999,235.9170389897759,220.20232625159196
2.102564103,12.85701348,4.746259154972831,851.0127099184659,1979.4012244076453,123.84543715861356,703.2231122164766,1250.9604442556297,89.05743423177711,18.988041553571293,97.27446754121888,188.9615437317636,220.78167045879533
2,12.40132196,5.997074917322616,840.8037231849302,146.2714289584228,120.30491856088236,729.0696712818802,1217.5375933682776,88.10244945995501,17.143805790960158,108.48088576515391,82.00061877444574,232.51830421546563
1.743589744,12.50114013,6.189835526227397,858.0784264667319,67.03219680402717,116.17470762482402,689.1321345399447,1222.2209382686558,87.06411891295964,14.110588711864397,111.06335646550028,55.88768486059517,234.1794040776944
1.769230769,12.87522466,6.335484056652483,858.4875489956825,107.75628514335428,116.06745212308574,688.5147938196875,1222.395827598979,87.03189987761252,14.039643872504271,111.04827772880904,55.71960925343667,234.10579718047555
1.41025641,10.23891744,4.613144003562374,857.8997615639158,30.40423636468652,117.57642067523255,662.9703837158256,1224.5484106834044,87.8588068917442,14.717613783488371,96.51343252391744,191.43549129667775,218.5707899898192
1.717948718,11.94477815,5.450058665914269,858.9036671385921,65.908234327824,110.06375793607047,630.402296147649,1183.189881893607,85.99452512716307,9.042841331352037,107.91979221013284,83.20056052067046,230.94070881485132
1.871794872,13.39560517,6.033790825737379,849.8072317759692,669.6130422698635,110.02841601471316,622.1629975440782,1167.9082988384737,85.4789338810284,8.988258580743375,111.48897727067224,50.62404253652485,233.2396943086177
1.743589744,12.52542123,6.085746754804694,862.051335550861,125.47317170255673,113.29606553196474,676.946601648228,1209.7342640914785,87.02875974035459,12.196738459549383,109.92217586020158,49.6241188601172,231.99156895859016
1.333333333,11.47086914,6.845992796558932,806.1054665884202,16.234718400539002,120.97740001676708,669,1173.0376666387217,87.9924666722557,16.984933344511397,114.99246667225567,17.143133227141693,232.01506665548857
1.871794872,11.80498104,6.484059921190171,821.161646111582,114.00704647571068,115.92184695629534,653.7234228174941,1174.7118834904488,86.00359413881142,13.921401042668666,113.99980757100964,32.02908617487863,233.0071272219769
1.512820513,11.27623771,7.383918495357975,806.2264861119735,35.23179834258617,108.11992060388984,607.3462087807424,1099.2921195484942,84.04072804243657,7.119920603889832,119.91588452146512,14.956724261932566,236.9183459800059
1.897435897,13.38317748,7.2755181372012725,835.693391832188,269.91204357024515,103.34659525334872,617.0023958865529,1110.9934888398475,83.00466476257029,3.3465952533487293,122.10014678019344,36.508680362088704,243.05016353234797
1.871794872,13.47738486,7.519631810687503,828.0607479773163,81.88057553239567,101.00531173116262,598.1916057036282,1091.080250524344,82.01362953059457,1.005311731162629,123.99468826883736,29.9476484204094,244.01611361274047
2.153846154,10.12769868,2.8706130084203294,799.0448756590242,305.4678295102629,117.92475643062524,613.0305441356248,1137.4994464598951,88.46756836064844,15.420667722969508,78.20128845407616,393.0977981351036,201.21438945068215
1.871794872,10.09229079,3.4752160360536735,815.3727687941064,167.4954602734808,113.97475738081523,616.7774098838731,1136.372827351002,86.98728033973431,11.98747704108091,86.08015077618458,273.95517555693243,210.12462977289633
2,10.85609239,3.2242567039218732,811.9074880200112,676.6687050635799,119.86674292135774,610.0801969981806,1171.661963014313,88.19470992138037,15.967406707104567,82.37796619245232,363.7033290696952,205.75917073607937
2.076923077,11.52124263,3.8514836286302714,833.3647406204702,326.00020143708554,114.65340683571657,632.5636330587672,1164.8361780267303,87.06303085869733,12.618728045097315,88.6290389056478,227.58864268254263,212.62769727453264
2,9.650336282,2.0743480358003152,785.9832278708302,239.8674989824553,129.87493161593375,561.9681791457995,1171.369493932169,90.98731167221162,22.90472626757108,70.07002385719092,561.709603010607,191.11314970830543
1.846153846,10.04209492,2.0849932975176633,797.1523039707474,307.7158596902313,131.92066301372347,585.8178133850223,1205.1242752192882,91.58771619027542,23.766292426715815,71.46533878241421,545.3450320125903,193.61409321599933
2.179487179,12.06093653,3.6022911645083213,818.6768838239739,3514.5155655567687,119.82004255148463,609.7098003572016,1174.021554688643,88.41966124392275,16.050285501919763,87.66050671038086,338.3786102418118,211.3165237875613
2.282051282,13.07320767,2.821435052907768,799.3026363052442,17555.589607508,120.89159638753418,631.5569099761013,1153.615460558443,88.56264578415656,16.590866053416143,79.44661885465388,388.60323214568706,203.0759272960452
1.538461538,12.29465178,6.178482883910012,842.9407770753448,72.2148720260671,109.99689613086927,641.1494862879308,1151.873533973184,85.99689613086929,8.996896130869278,112.96876739307578,97.3511653407978,236.95195661753556
1.743589744,13.77968829,6.05025097648565,845.1282547843648,540.784301332264,109.63922879051408,633.8574254233382,1153.4124461489666,85.64066960784818,8.639745128472486,112.0392103857185,94.19804291301458,235.32704818952095
1.282051282,10.68364855,6.624706561023875,827.6198359395651,5.37115436740292,107,624.8099179697825,1131.1900820302174,84,6.999999999999999,116,39.570246090652375,235
1.58974359,13.4285278,7.225007113230109,846.83773915737,46.93536318692287,105,632.0597828010893,1130.7322487991432,83.9999018851236,4.999901885123607,122.00589208329876,23.311965969062893,243.0077907011474
1.897435897,11.45439834,3.95615551217752,830.68322472685,923.6002371230117,120.220907951098,622.6547546813398,1184.6278832687683,88.96100436232314,16.58050402720429,90.42200248970572,311.47862156539514,212.7109310969824
1.974358974,12.59418001,5.3760366525208205,830.2691420535014,556.4587159838885,108.3095156251758,573.5930630192931,1121.6828087240583,85.57825228438114,7.723546498549627,103.04758603944671,160.87427462200617,226.04916251757496
1.948717949,13.00830736,4.8674567246512,833.2856924207675,2968.315482982895,114.05034423226093,618.8194521843844,1157.456094213738,87.04595820125935,11.995203576460252,98.625215166115,210.91991387377712,221.6896761388379
1.692307692,11.62194819,5.626497089257026,835.0047682826032,152.11834174838776,110.95473564431354,637.8816820573081,1142.7761333597732,85.99862069564657,9.972193804591468,107.03787456941348,153.32638108831085,229.05271271729873
1.692307692,12.83626018,6.5151249421786135,838.0644532737729,164.8084660590623,109.95437771355616,645.8195129937023,1142.9003589528463,85.96931978450722,8.957414226513672,115.99572334948502,90.50178756104512,239.01611694323444
1.769230769,12.73064799,7.612210441054816,832.0343134451616,67.36525936003596,103.02224559370592,628.9051906897746,1103.0958990442289,83.0099053817289,3.022245593705961,123.99409018682798,25.095732983492685,246.9526323558537
1.615384615,11.99249789,6.476781052243662,837.9727048648879,153.21171194516646,107.97610268109052,581.8529138039291,1130.803673473952,85.00445942641282,7.9657280534063055,113.99801871612324,121.94286092942627,234.9983574578336
1.717948718,11.86293878,6.586177504457765,837.0327574416056,71.45664735831096,108.01746267330836,596.3489246802054,1133.894131753112,85.00446184445323,8.00567077155681,115.8897228680385,100.25398094530216,237.83996706487417
1.666666667,13.14649256,5.776451148846164,834.9039747767717,143.33259940680247,111.9139348671542,598.4000260479751,1143.3723389756717,86.9660929445113,10.913934867154175,107.047048846434,189.14472404190224,228.07752054601295
1.794871795,12.8852064,5.866589584281028,837.2140818053197,231.91210995314,111.4004191275415,621.2310240667722,1146.364762079526,86.6939236422639,10.402028677245154,108.15973538008232,160.23450882729594,230.1415004310495
1.820512821,13.51692081,6.07038019504761,836.5085921759517,754.3730995473628,110.76083562519024,607.497502277866,1142.376741369584,86.30935989388651,9.76553910490283,109.94296785892028,151.9636158524836,231.55622232173457
1.717948718,15.06735819,7.608164377803497,831.9719413391574,37.45367506263407,102.01324767945268,617.0446388676678,1097.048283105437,82.99703780372204,2.0132476794527023,124.9871049450791,21.09514960996977,246.9776952213406
1.820512821,13.84546967,8.187385701754891,840.0547252282406,291.7926773237171,99.0366727579832,568.3481988876553,1090.3955292176342,81.77809723326332,-0.9633272420168072,126.27460323604012,19.52277708285599,243.054712526116
1.846153846,10.64066625,1.6318781499459694,697.9408238902716,1140.7363656167197,90.0433038796501,426.5587670000585,842.7481815868961,79.65229540426037,-9.829989709426544,71.97787489686034,526.6854315134054,193.47590951847496
1.923076923,10.55119068,2.0616288241289364,677.1463810137794,553.1391597954504,86.3576378417134,451.95127046503984,812.977756360912,75.61934213709347,-13.642362158286604,74.98593661487153,493.1909957578176,196.64311393066876
2.051282051,10.6776011,2.5150860516582503,759.0280434310914,1015.4220990014326,111.69573011297258,521.5362049681289,1044.3818292249596,86.63795854956153,10.391885197819365,75.88102691492335,409.667868167714,199.5278854707433
1.948717949,11.50107905,2.3552713430492456,770.2717687942023,861.9400318266609,119.04396492842749,543.8316535892983,1095.2460326768562,88.83265611062406,15.32827274385732,73.2927734553663,473.23367778134207,196.0966702143552
2.256410256,12.92558762,2.115058873207537,733.8245603214737,28997.06468769729,105.18781475273848,539.9561876292402,976.9516660974342,84.41699357770572,3.803383951339674,73.18198961577704,442.3077188490068,196.83673318939137
2.025641026,10.6906157,2.9824267707739525,806.6078206458408,816.7387678090253,113.83918571009572,671.6440353367694,1117.2227514604194,86.77227060826003,11.69771799512744,81.59129567233653,526.7177580619729,200.93867430783487
1.897435897,8.451956613,1.812879305414001,758.6963420885575,119.83006890751513,105.9115059314946,575.7780310306989,1012.0128615971366,84.990510422046,5.902529528582848,75.00143523640459,543.845026700987,195.03816275497604
1.846153846,10.57259829,3.655751257675129,766.6464815472809,223.40485738197697,100.83456742910784,542.0165507775506,1003.0866157639658,82.90515532655672,0.8051387163024879,92.06724344725924,398.2780142559103,214.087160703978
1.897435897,11.02259688,1.7889803167364362,734.3575237205621,2448.855319995923,100.23436439027664,509.70776315778386,943.5430619940938,83.65102106989194,0.22277022099868696,72.76453726979645,555.4648402663171,193.4283533630791
1.820512821,9.546802162,2.0099226201101343,714.2695578666204,452.0360072799511,92.9617791254959,465.9252041919733,870.9146456409225,80.93765329253328,-7.038220874504114,74.551240581001,532.1917297121144,196.5607349109419
2.076923077,12.60552935,2.4268319696123424,769.2089846911101,14683.983380439618,105.44151413333644,580.2535382821424,1022.4923218497684,84.71269790343794,4.711333715405645,78.42673580562638,505.2721962536491,198.8423671562838
1.897435897,10.41091618,2.2211393682545713,726.7331247894613,1127.9063922344944,96.68167531851311,484.9936329206537,902.7290786645476,82.42692129027544,-3.612119089196086,74.87879473371672,516.6457542572499,196.60366016778343
1.846153846,10.66493401,3.4718816048337717,778.1814596657977,571.8375929753392,103.25211518912306,520.0970797084535,1019.4026748460408,83.73063244749702,2.718033741712858,85.13740553130042,480.85581059798466,205.19595454506177
1.461538462,11.65393008,7.197957825416842,861.8728169667144,6.48473761017137,103.9236901800286,539.4324223131713,1136.4912678668572,83.97456339334285,3.9236901800285824,121.0763098199714,110.32118396062882,241.0763098199714
1.871794872,13.91202471,7.529646541945217,844.3769636673767,905.7806802919162,97.57624654472696,521.3512887028585,1081.8847577793465,81.48464634694568,-2.4237534552730406,122.2807371929537,117.9700029941472,241.8932229118248
1.743589744,9.975427548,2.812606261792204,830.9492221732055,107.10487492287248,116.10335901281874,486.0118234549291,1155.7520800222233,87.63007564291524,14.059724164672865,82.66211444669719,791.8629404974946,192.81305045820784
1.897435897,13.53240803,4.3920018963495275,794.824978405141,570.295994018822,87.37768543593623,412.1973311640837,964.0061768485816,76.31231835825155,-12.626026906617826,102.2904087198007,408.9495114924144,216.54320567575564
2.179487179,14.20210896,3.7226293884272774,808.4028458968244,3781.072403723792,97.4235326654908,433.0306685127457,1030.2009812712563,80.42511764450475,-3.967600092384614,96.28407216766604,663.814037484365,206.30276695633785
1.871794872,13.65048441,4.30295390795795,791.4114553523783,1746.9748807973249,88.37385013294258,325.95817051432687,957.015536177728,77.83371663634203,-11.624101675651472,100.77134474354187,484.92079176836495,214.7868885965352
1.948717949,12.72194398,5.549266154959396,799.9957441001154,1308.1185484742246,96.93411388895234,430.08613283521913,1023.675387748046,80.98671675485136,-3.4195236984937516,105.689480769257,270.30222423292605,227.23541463891615
1.974358974,13.36676917,5.903720645449817,805.5577844516115,705.7259206979329,85.44683911735451,366.9077146714289,957.6438457909052,76.62288910924715,-14.553160882645477,114.54741479526729,197.9301924316159,233.7099916648752
1.743589744,13.69746279,4.843325609739713,785.0064246677786,37.16442342284906,82.00003710108966,370.5030875742204,932.12147639845,73.0071587649993,-17.99996289891033,110.99519947141935,479.45947778652413,223.002321135329
2.128205128,15.25579753,5.223449553839628,829.7489482610789,4227.643681779979,91.65461921396188,388.43297621384534,1024.0237571232738,79.14887722529986,-8.736634550737937,110.32921905268354,502.3813290458725,221.4140587284061
1.743589744,14.68446293,4.8490783069514265,789.9009063418707,1993.699118670082,83.78312618390713,341.19576492595934,947.763151224618,74.66992277757497,-16.217420266491228,108.86603762170913,449.5421883602932,221.15775780025768
2.076923077,15.24307217,5.220876474325385,815.8484925058159,7867.142604660909,88.74334684265243,371.3243372460041,994.667245318122,77.63508661291445,-11.471898766542184,110.43972525888516,442.2673506194994,222.98576397288423
1.871794872,13.30108397,7.357857687413268,830.9687366166871,14.21944267016718,89.97910804140582,443.8655326956614,1019.857074719425,78.99061992380251,-10.02089195859417,125.0166745119026,110.86902396186063,244.0094031590509
1.794871795,12.49141674,7.287640755008148,830.9698943763494,6.996298181277618,89.90968312904833,443.6387325161933,1019.5183100215912,78.96989437634946,-10.090316870951677,125.03010562365058,110.48820439794048,244.03010562365057
1.641025641,12.57591126,7.571429997255284,836,5.357701106899343,91,462.00000000000006,1033,79,-9,126,91,244.99999999999997
1.435897436,12.9610622,7.4253509148734835,849.8043030699989,33.93455373707527,95.96233381592852,501.5463059427629,1073.6952708306694,81,-4.037666184071483,126.91956808671924,71.07421519869867,245.95836750304355
1.717948718,14.09074558,7.8731501244719295,849.8592810838547,187.9051344515408,95.96702326105772,501.62705114397613,1073.7464543966648,80.99439663795593,-4.032976738942276,126.97510624607489,70.20941631231668,245.9856757447597
1.871794872,13.38125456,7.5278064859760345,825.0477214982685,60.65760475318499,89.99105196455089,437.0181115089795,1015.959594389056,78.99116422805113,-10.00894803544912,127.0013806521979,89.0716540361516,245.00545870603372
1.769230769,13.31150309,7.2366283500415545,830,10.861459175701016,87.00003838848231,432.0001919424116,1004.0000383884824,78,-12.999961611517683,125.99996161151768,94,244.9999616115177
1.666666667,13.80610854,7.932197466031735,830.413245684602,143.64004904035,93.09196038932204,430.7120754947463,1033.8954832638908,79.99353958395815,-6.908039610677961,131.03029672497985,52.62832656411895,246.08504889075544
1.641025641,12.1663697,7.414896969487582,829.0479743055322,19.32802165595409,87.97789129819878,424.0310780672816,1008.9495276401368,77.98894564909939,-12.021066209091106,130.97789129819876,69.17207021976975,247.98790315638928
1.641025641,12.28708368,7.406886403289053,829.4751762495993,14.997156968061544,87.81825493522408,424.2805124062761,1008.6609120077042,77.90840975769274,-12.181745064775908,130.8153840955469,70.39969119170354,247.90697433785417
2,14.14638865,6.5497670119635085,871.9503830987435,1208.920115916928,95.26875727549556,451.31089983155937,1092.401542711288,81.17447457498369,-5.163353386664308,122.46272267307376,265.4496672020105,234.94396809261417
2.128205128,14.81611977,6.696190114798244,863.0224555704915,4132.064663202083,92.52698333338282,433.4497768620027,1067.9863389333534,80.12600707391461,-7.659562345761015,123.0724000703427,205.84437798993048,236.92470768347948
1.974358974,15.43698048,7.414933343697997,876.9385183037249,1199.8001080239003,91.20595928733964,445.72403344543847,1083.752208935315,79.27326290310668,-8.794040712660333,131.9249041656688,108.22320770894538,244.0518932179668
2,15.32481185,7.480111051610265,878.2578916176963,2794.593866172522,90.76722911719902,432.3898719254585,1083.4430351267308,78.95581082727507,-9.232770882800958,132.74163238494785,104.42868924655218,244.45564466921243
1.948717949,14.41437658,7.8618569426930085,870.6718998488269,1553.8082517169703,90.84055553305126,422.4761691135501,1076.0557814861456,78.84640567383057,-9.159444466948727,134.3147613942647,71.39385405723996,246.7209895931991
2.256410256,15.533426,5.088468640175355,847.4500090320859,7971.637302883828,94.5353129232804,444.93119078373695,1063.103984720665,80.02693417498837,-5.861847138896119,109.90105934318696,619.9999827809052,218.05791628860533
2.461538462,16.14562553,6.002288663553429,867.5597253367326,16198.11566252816,93.645508766498,433.4971286733167,1083.426581372217,79.94513270677363,-6.637603558751867,119.6814649766887,425.63035814836667,229.35249907814733
1.974358974,16.48278293,7.476811952376291,892.8673789023566,3480.93523613998,89.53943010708528,420.889353558884,1096.583454891366,78.09423800137002,-10.4074509372784,134.37279164894585,121.66146242154508,245.62586932734865
2,15.30961879,8.358832520475008,891.3539895379573,646.6016274784182,90.51596234360252,407.6225086668561,1098.912976030772,78.36044240869704,-9.484037656397485,139.6109046987835,52.79513592904553,251.21921728007277
2.051282051,17.20919966,8.847194736670371,940.3979025900692,5752.784504353419,89.04381366379502,449.6798862152631,1142.4039810557808,77.3349337697907,-10.947040205531817,147.93125543937705,80.2207946647221,254.25734253403823
2.128205128,15.47015656,8.512669872034795,934.330649181808,170.8945191343438,91.05973049467664,287.56277610592065,1153.4018331249706,78.07010304497894,-8.940269505323366,143.1330291815548,203.6310501916167,250.04274486285107
1.974358974,15.24372508,8.446015675593713,935.387247456089,20.739048294669075,90.01979891576914,344.3152055601895,1144.4863546843717,78,-9.980201084230869,145.8220350569516,143.87909460707718,251.9011180705912
2.051282051,16.91644061,8.40937151752108,932.6772923097184,254.42766210675308,90.68502353607632,325.28125042310944,1147.35097214938,78.00643651817434,-9.26146642824306,143.74342183836214,176.74027192438086,250.530776220362
2.025641026,15.88112258,8.119245694346077,923.8474880877404,384.5978816336525,89.95962751752451,342.9460619953647,1134.2785502024158,77.95561729359828,-9.658625345838823,142.5793019851596,180.41358415042316,250.04974958969575
1.641025641,13.7535945,8.660419770787389,927.1789184761252,3.1295028749649063,90,357.72168237047174,1135.198798306806,78,-10,144.03975966136116,157.68192270911055,251.01987983068057
1.666666667,16.15109379,9.43403719762534,940.89691967571,53.93192031514643,90.96717328751969,357.2491783244696,1150.6437763575946,77.98021253078153,-9.032826712480308,152.9621598245665,119.66200857007117,256.00697216385646
2.128205128,18.42701629,9.49466979525951,964.9368975531308,7020.94296217434,92.12008836021582,407.0831771333796,1179.080707801463,79.08682074132875,-7.853488917949768,153.16827647120553,91.21546387105842,256.64939614065685
2.256410256,17.42519447,9.841121368289121,980.8810261893516,1908.482396258177,91.85756637614976,490.2729644999873,1192.0929857970284,79.22592838513643,-8.14243362385022,155.41985993860828,47.25589375516247,258.1483023924828
2.025641026,14.47859379,8.752480926140256,939.9914566308288,19.565819318540736,91,267.3808886337811,1156.9943044205525,78,-9,145.9918400227615,185.7874037527642,251.0024643977909
1.846153846,14.66117593,8.896671311571378,944.7767209250172,21.458389476037095,90.98774721519536,285.95132149564745,1157.1801862840898,77.99387360759769,-9.012252784804634,147.89533269067195,138.7434898714245,252.89533269067195
1.871794872,15.33607694,9.348477054746535,943.9023794672172,31.087190043076017,89.9947563166015,299.70930464440573,1146.9012364166078,77.01250653507401,-10.005243683398492,152.0009266260334,99.12485442465407,256
1.974358974,18.8878426,10.98626665783751,994.0110797398056,154.51611848031203,86.94808249880558,401.6130051636791,1180.9196613064134,75.97230549774041,-13.05191750119441,170.06718191731602,94.28945428381766,269.06973582420113
1.615384615,16.17822943,10.523856034825268,1015.9564886411382,40.42640820735544,87.01082581245105,395.8052840252081,1231.01070689299,75.0107960825857,-12.000000000000002,166.9891444576836,153.130028668874,266.97837810496327
2.051282051,16.78355869,11.49131937366723,1023.1278222701516,61.652997979326095,85.9978192985931,451.89896669343744,1210.1382057256187,74.9978192985931,-14.002180701406902,178.01474485828138,49.951404022342146,270
2.358974359,19.12937518,11.326695818242191,1029.2930522087709,7079.911319473861,86.80284420745987,433.7945093163951,1223.4655587940033,75.52078402016366,-13.151050642985576,174.8588640134669,81.32615303058485,269.08718732723474
2,13.7547943,7.051120627407625,1112.7736728849277,526.8160531780499,154.7784680824093,868.7459720165929,1846.174948956901,94.91362882059704,34.23322687121654,124.92191497279512,778.4085089792848,219.14415614382932
1.564102564,16.23892797,10.462676422885945,978.0888845732884,59.61193637982554,99.9808282229396,524.7263285735901,1288.0855374506798,78.99558605637469,-0.01917177706038618,159.99686410662076,290.74770294478157,258.9879898369914
1.666666667,16.25006038,10.430119564069935,978.050996991484,27.601067565113645,100.012749247871,525.1104934815487,1288.165740222323,79.00424974929034,0.01274924787101743,159.98300100283865,291.00424974929035,258.987250752129
1.615384615,15.79850463,10.528889622092855,979.0424992733314,67.14828305583279,96.08368723350202,475.1026181259156,1266.6107132700215,77.05414381667404,-3.9163127664979744,161.94454487016517,240.75887755037948,258.9575007266685
1.641025641,15.43300688,10.27819888829388,996.9367432470508,19.345843301480265,104.95782883136728,534.4096036391417,1356.662630650938,80.97891441568363,4.957828831367263,154.02108558431638,311.89457207841815,252.0210855843164
1.692307692,16.04972831,10.279870023282106,995.7801601116978,351.3041117180869,104.69376787301276,544.8307695774818,1352.3714078237326,80.92137390664529,4.6878239390288705,154.2344635752324,303.8566286696971,252.749446807062
1.974358974,16.32322101,10.297255884345711,994.5533988298914,418.4984935419627,104.1090525496595,542.1382887054904,1346.7796430052344,80.77486181089795,4.104945859885572,154.6698154556466,301.015872244717,253.10535310363463
1.641025641,15.97464336,10.374329999366603,987.9721742931964,26.202106019087875,100.98144952879773,527.6104401047525,1316.842320994781,79.99072476439885,0.9814495287977392,157.0092752356011,285.9072476439887,255.0092752356011
1.897435897,17.05742769,10.350672328843899,990.622280948633,663.1203298643553,102.2047433585834,529.2582337519094,1328.591805320065,80.10900785645775,2.2021516065190956,156.09785112467617,289.430545557653,254.3723538979948
1.871794872,15.7142811,10.32004165826937,985.1721973042702,44.66666324039856,99.09548788052136,487.27620035840255,1300.870606685478,79.03808877909796,-0.9045121194786652,157.9426008985766,276.54051403993395,255.94260089857664
1.743589744,16.05361415,10.300330987848392,985.0699966791594,21.284722691114712,99.01811970284196,485.9880932020971,1300.2344511734946,78.99892535341704,-0.9818802971580216,157.98847317480468,276.1649448574031,255.98788889128977
1.871794872,15.96231747,10.392333262316194,984.788948159197,66.8917115843704,98.9002870693972,484.9041754216607,1298.991244714375,78.9477249432343,-1.0997129306027662,158.09971293060275,275.05803131992656,256.0735754022199
1.512820513,15.16814659,10.24437685148397,994.0245273227418,13.905511192872243,103.0163515484945,507.22892167892303,1341.1308123879558,80.00817577424725,3.0163515484945,154.99182422575274,307.04087887123626,252.9918242257527
1.641025641,15.65851165,10.227502647787624,994.0206736705564,79.49861238975802,103.00519367440832,507.0841201907508,1341.040777495443,80.00172457879674,3.0043214160009115,155.00340861306404,306.95487491732086,253.0034086130641
2.025641026,19.58608397,10.8952494045117,984.4269826169628,9795.355641714286,89.55859100937498,402.70318395012754,1229.4945744449456,74.52529767985862,-10.432267259640554,169.60069181623982,192.22079277180868,263.9554647949464
1.897435897,20.29443064,11.273992583507518,985.5262453001042,13574.195289136616,87.0729700251732,396.6962917886462,1212.7907290339822,73.28952602213157,-12.920357164044315,173.7418272400685,162.72497861673114,266.51388732690054
1.564102564,15.22658593,10.14568864743062,993.2840921328802,14.836264783948772,101.26236083090204,489.3782043622862,1326.3502857724282,79.11524778888447,1.2464282043355053,156.79578288166343,291.6838062082872,254.79578288166348
1.358974359,24.44888234,16.473369895643195,1033.4025627282635,308.1404042158588,74.99653872589077,337.1992326685309,1221.365317227401,63.983518053844485,-25.00346127410922,223.0272154236124,35.8692462790066,274.4907460772411
1.923076923,23.69682463,17.174959608522823,1024.4134907230134,135.2989799149495,78.18585218267496,339.6426889406753,1210.3872461580086,67.15952167621406,-21.814147817325033,224.45720614129797,19.162592112847943,274.0633848348798
1.820512821,24.61412595,16.68463603332815,1069.8324112056914,541.569040434424,78.75687682694033,352.52628621210596,1264.1027521977842,66.9973789151126,-21.243123173059683,224.24225410286937,21.74890103603894,274.7678875247784
1.794871795,22.02062272,16.890114487304245,1099.8398602054565,174.55256697797495,83.2182317302566,400.1510765781108,1299.2645488801204,71.1378148957013,-16.78176826974339,222.0141750432553,36.13136108923731,275.9953725399162
2.102564103,22.74783067,16.931192243393006,1080.3747392967246,281.79374601595896,81.8663642804553,385.2188495502733,1276.760021097244,69.85673572888376,-18.14326427111624,223.00000000000003,42.01081318304369,276.4134244275149
1.615384615,21.751574,16.813356024268668,1088.8112624894804,22.39303710401978,82.9362159908955,401.1836438678042,1286.259519119415,70.91831899269414,-16.26364722265508,220.27839742604883,40.836454980103774,276
1.974358974,22.39922564,16.829706775994673,1117.4829032013322,619.6459234672169,85.7844198911075,400.4987326565721,1320.293829279556,73.22365965739881,-14.17708249197268,221.46581367129332,39.9812319621185,276.1783146678744
1.717948718,21.93052443,16.929778330559827,1117.1764708045105,986.4905717978952,86.03732875919002,401.44343631835295,1319.9267446311806,73.46715191644941,-13.938489670230863,221.69981973852637,37.19467573056788,276.5019360888002
1.769230769,21.56989048,17.49735051948077,1086.5539656651183,80.14398589320014,88.2798974754859,436.7196710897952,1283.1042166940592,75.5512033883406,-11.755073425188948,221.81550270849297,14.674465570583754,278.73696934451203
1.820512821,21.79674249,16.710846610659097,1070.8744858490254,650.5172840595226,81.86670395852667,399.2746084208696,1265.0688589211695,69.86384696281162,-18.055246147035643,220.6600839505043,41.72762043073464,276.0546062624467
1.897435897,24.8099663,15.573740303761413,1091.264592023717,941.3953866795952,82.96826704183013,387.05996831336313,1289.592054409458,71.05909021453714,-17.03173295816987,212.0984848618169,28.768714556557335,272.7506362640505
2.076923077,21.20364575,13.126964952082625,1104.6357115501703,3325.2689718099728,86.6519255189057,305.92686520853994,1306.4422379529524,74.84408874396071,-13.252596959728944,193.8520216330995,46.092825002804176,272.3920332358349
2.230769231,20.46384372,12.769107564092968,1040.2392294819465,3867.050502771773,85.37927343329577,373.46778610899105,1231.1663167700322,73.51554698238081,-14.568127728932696,190.15146746607263,86.24905774944854,271.2671160343407
1.538461538,14.9583572,9.979162988170849,1011.794145422603,24.38031698044583,112.88049295807735,583.3356388718365,1432.9753002594948,82.99717457084121,10.925204699626844,149.09224891225782,348.47677083449025,248.04753717070835
1.41025641,14.83840564,10.047526879986794,1007.0897863805149,13.121906450463026,110.08909275527655,572.431474875583,1408.5813571913216,82.95597384129029,9.044719783947798,150.95528021605222,332.10689659488577,248.999653187381
1.58974359,15.38264603,10.080869307352577,1003.9620541728124,122.11859204944778,108.94110343777128,548.7851496034931,1394.6328981334384,81.9916631873169,7.961396653861321,152.0314259636531,337.3527573689802,250.0460195786683
1.794871795,16.0558235,10.197110470037485,1001.8505454913276,22.96709161034875,106.95185128025336,569.7145494371497,1376.436076808136,81.97592564012669,6.95185128025337,152.04814871974665,309.8244630518478,251.04318942429217
1.641025641,15.72511233,9.926936683422872,996.0228000483784,79.56750043919574,105.98542077531134,555.7531499862082,1355.9742872500497,80.99845352323376,4.996907046467469,153.00234310452248,316.9048679199229,253.0023431045225
1.692307692,16.22581859,10.290330926428163,989.0379113901408,91.293401926349,103.0105720571055,555.0000396608804,1329.1289954525605,80.00528602855275,3.010572057105506,155.98942794289448,302.9748092617116,253.99686657216927
1.58974359,15.95446714,10.346325481141111,988.8604433005232,71.61732456821412,102.9259177679551,554.2909108042676,1328.289315710946,79.98070152912959,2.9259177679551094,156.05493219249604,302.46468281470766,254.080861554582
1.717948718,16.43884232,10.330289961055737,989.1488760476676,221.78166844527905,102.97528794448144,553.9251192415227,1328.377502092529,79.99470380380772,2.9752879444814533,156.0198651619162,300.6788086749172,254.4181302965229
1.743589744,16.16735187,10.216732633910492,990.1734451055088,68.07981759946425,103.06362658051933,551.330527905433,1327.8799258040658,80.03181329025966,3.0636265805193057,155.93637341948073,292.635560814552,255.86902274376064
1.846153846,16.32896307,10.24050854029071,990.1304065922486,96.52999168368386,103.0448739911884,551.1548777518345,1327.6595179303793,80.0224369955942,3.0448739911884206,155.95512600881156,292.53381603481796,255.90542265575115
1.615384615,15.87965108,10.364717449678599,989.709543276506,35.14446557955132,101.94171606795908,524.0501970856335,1320.1564824519403,79.96710408686222,1.9417160679590697,157.07959159693874,290.8684489153553,257.0582839320409
1.743589744,15.82848357,9.652299692323048,1018.988789349288,172.23158632224363,103.98737941082724,477.26465259511303,1369.9775338654656,80.0000805599677,3.0112424040248045,154.99249035267604,332.7096864529488,252.00954485952943
2.205128205,17.86265305,9.46349756526379,1024.669063544262,6252.283535478367,113.61118402969348,606.7084342333968,1450.820288590153,83.49243401035511,10.796749306536553,148.9841467172704,375.6112602058601,246.7682081576344
2.051282051,18.29438922,9.500910121093817,1025.3860660179232,6920.358258072589,112.31723081164488,592.7290911118059,1443.453096322827,83.02500547454461,9.771238710764267,149.93651979869196,366.33676062297945,247.54873157017064
1.615384615,15.20236942,9.142391133606269,1048.0187960075598,43.24026763355815,102.01251228381707,465.0813969856859,1417.097065829147,79.00625614190854,2.010968481287942,157.99220005556234,298.1032796914488,254.9906226825957
1.974358974,16.2529781,10.188793050301246,1024.0102014216543,323.5261543365499,97.45065315733316,440.0167418650115,1341.288640406177,77.45065315733318,-2.549346842666813,161.58570892142353,252.27422402054103,256.586586671129
1.871794872,19.20245647,10.830752088767584,1007.7862528076316,7578.740874668146,90.58072018045424,401.1392751559958,1263.376918219349,75.0242903813725,-9.405364264361149,170.20805492989277,212.11941597497085,262.2584830378603
1.923076923,18.3165761,12.028031007618027,1001.0806044704714,161.6316726674091,83.00429102632876,448.93506388912994,1194.0430583111126,71.98282596037289,-16.995708973671228,182.0550904987196,111.661028196865,269.0426934833618
1.974358974,20.58240452,11.481792697134939,1013.919503539472,14908.87267652216,87.61539455899317,420.7476605382817,1241.9584449768768,73.79049512760771,-12.386645127955388,177.1467764871854,161.2299384252341,266.2589999251064
1.974358974,20.98000772,11.71969660710824,1029.5182032149344,19153.621030712377,87.82387944899659,431.3103029242492,1257.628337281166,74.0228233521059,-12.174384465687575,180.04796036447976,142.9178123771247,267.5364448792446
1.974358974,21.68743401,11.550981159345183,1058.067155467426,49835.45081390659,94.04471367103535,472.96533422640744,1331.3803113065185,77.00215587925639,-6.317369882385648,177.12652570217168,160.9356024559223,265.0311785461819
1.615384615,13.96611486,8.02712469457832,1045.8853359026252,611.7137089438619,132.355703777512,785.9542726685333,1609.4392897693704,89.44209925181858,23.96603902297308,131.35891097390345,599.7141854768062,230.83082553223065
1.846153846,13.0917811,8.062532093028612,1037.79770439589,160.0389539269455,129.84392835278928,737.3269431895387,1584.7095899874876,87.96499047035951,22.8932612207874,132.12293295533195,577.4801091899192,233.13279889963087
2.153846154,16.62114434,8.93308771384316,1010.7772128806944,1782.023476937163,114.80239559739454,713.1986855300358,1457.891280077477,83.79701708046835,12.034134311887858,142.78927491740848,345.99176985543744,246.1366891781374
2.025641026,15.25908734,9.093820858309293,1034.6705582038749,1589.7480776566038,122.96147757001862,681.9688063922035,1533.544610392776,86.3517240282663,18.323946225603787,141.86898180762626,437.90849730462384,240.87096461310847
1.641025641,14.58345619,9.270651083203296,1014.638373874593,146.50899050705485,114.75100700286823,589.6973869689299,1448.8726304415422,83.92619496514149,12.790717421376206,146.10268323935057,372.01777495045826,246.1421493849824
1.948717949,15.795,9.814342264218302,1006.5976683029658,361.9890012632789,110.01630771435204,577.2734110052966,1404.018063381488,82.42740089242767,9.158542610288665,150.1508284072591,323.40005077765625,249.70656391644488
1.948717949,16.00334737,9.43438909906123,1037.0748693924663,633.8719554038591,105.02266206414014,487.1931128734654,1408.464260163562,80.424111059922,4.403920917057018,153.95103894773823,337.5556839811993,250.9506772944796
1.871794872,17.48669756,10.573453528879982,1061.2023726396585,66.10170174510414,105,575.9148654196116,1443.6333069799985,80.99999999999999,4.999999999999999,165.95557444655844,185.9031968141517,264.11451004365443
1.974358974,18.52258635,10.686519891516523,1060.46400153666,2657.824231518223,105.84701634130896,572.4008776142816,1451.0544573463385,80.87977826027765,5.670099531727658,166.36365487437817,178.30061542968718,264.08837099635275
1.794871795,10.42398413,1.1782636616820312,767.7137208521475,5738.405357899952,117.08806369896062,595.3605862481955,1087.872113252022,88.2096245879175,14.177629249612254,65.66834777947244,584.2040373313852,185.9342169263848
2.025641026,10.53795844,2.429943856153827,764.2669027017257,2080.07475013002,128.08427996467046,439.8101264204676,1163.6262312864703,89.91787740520394,21.87333410636515,75.04388804254712,467.8375982001663,198.21643687623265
2.076923077,10.20143008,2.850844263254773,803.6535503394065,407.065801310034,115.53068448056575,686.0357825099561,1123.572748644788,87.3859272212292,13.382273453509052,80.65541730011878,488.2464309640232,201.26874249089772
1.923076923,12.26706192,2.1796552002779266,789.0503106101124,23191.6713041128,117.7829046782997,580.6512072302048,1123.0480611689634,88.17089229621003,14.74635049712404,75.1030416612233,496.9665454372257,196.08063390543896
2.205128205,12.46941309,3.3367553229264435,814.4427906267149,3521.906619976653,113.21459796896424,590.2050916132059,1126.9034974182782,86.63699561191827,11.485484303339518,84.55088022509166,562.0377558721015,202.7750115383761
2,12.63652626,4.560282185638799,848.2439504723828,587.7931932047403,98.85414571951328,538.265029738351,1080.251877999243,81.78404339469044,-1.152138765296899,103.16192508750323,375.0431971275598,217.88247607536425
1.179487179,9.28421932,3.270000188099447,845.5372427416428,1120.969906889538,122.5833329001258,594.7207789568546,1211.683022616985,89.385306089765,18.171413949788445,82.23935333303878,746.45425339166,194.13500501682924
2.153846154,12.42816625,3.563518515319548,825.8365242870372,4424.909692560465,112.80772808973536,582.0086367096616,1130.8533145449137,86.51600314363762,10.49540029092132,86.3000689437909,618.2274129102925,200.8014030879809
2.256410256,14.48347445,4.019129562131359,858.7636965181073,18976.065452379797,112.6734296560486,605.9001788296898,1175.180912564419,86.10171581205222,9.59048577576356,94.86666481058316,564.1924893925803,207.7177905392791
1.974358974,12.25315501,3.651130045815651,776.9064041165238,419.5982954603043,107.82493777876908,483.7454214939243,1049.5691407821926,86.26159224728002,7.331066847117197,85.5346642559898,334.80075409234394,207.220720618006
1.923076923,11.03584246,3.263140128329888,791.8803207796404,241.39655681933328,106.17328649136536,548.7832696165331,1058.9776760537518,85.30718821306546,5.831064518808553,85.67595088420627,374.2547543874932,206.7303587359435
2.179487179,12.39457175,3.581173216558126,780.8507879142358,1521.2744555218867,104.0530051623962,513.7028082769152,1031.6954905425907,84.84383880585884,3.7222635099123966,87.07940318495181,339.02644708205315,208.42413052115987
1.923076923,12.00402626,3.72734347918718,793.8682402646292,920.2923941790908,97.32875880636249,526.5440336547223,1008.8975906705056,81.65998409325886,-2.671241193637518,93.26455065258506,364.793797773191,213.23282818965703
2.128205128,11.39221286,3.106355544423139,798.4519626852663,1041.995578315855,102.06828364110366,556.9453325270487,1043.614301819008,83.69989500972802,1.93334153171179,87.60691831393692,399.1397001999769,207.36455148265011
2.205128205,13.32994033,3.8023242431396485,781.4081368702073,8023.702441624259,97.82032904383392,516.599296866033,997.1634408757774,82.2550836529338,-2.28818013913015,91.168742179755,345.3162070405647,211.8669197538866
2.102564103,12.26958368,5.07309288465857,785.6609504175697,462.9442181008252,92.73426087418908,492.17131796470153,972.9749487851474,79.6919308810394,-7.265739125810908,98.3141593497381,341.1828711848232,217.27675601689697
2.025641026,12.47025063,5.58740229097449,795.282359763008,96.89228753642638,89.00471004769848,381.37717826814486,954.8565087593356,78,-10.612907689854856,107.06586118202206,261.62598988041265,230.0931765214442
2.153846154,16.01990101,6.80823787478335,922.3125629731574,15999.357601000836,101.88285836839316,435.0092453713764,1203.869560128386,82.14745672915201,1.6793419448330695,125.10429836037952,333.99493788393806,237.52304658519057
2.102564103,13.17893008,5.012109435490527,789.4035002229855,1118.926017398424,89.64929197006627,353.75664123620373,940.0845316589376,79.52927740589722,-10.22610699574958,103.80543220530622,225.65779477910084,234.79460800141837
2.076923077,12.5936647,5.065871313106885,805.8094103359196,690.7578846928367,92.8405951267271,358.84717601999006,969.5346469096044,81.3515019813966,-7.155669230499763,102.25210600281868,219.02302559927605,232.3992138928889
2.051282051,13.24168913,5.220671518864647,799.7126287295263,3337.6506823541204,90.95463672931504,350.16279456101785,956.561006802718,80.13873800679505,-9.0028184458493,105.12781734599383,217.2599571868471,235.65233202457787
2.128205128,14.1990066,6.319358337124113,823.9900974951473,3940.818402956372,91.2823473882952,345.9075005331279,1006.0792907676692,79.64236984213335,-8.685320470251867,114.29294946613948,195.6242650879138,243.4578133766768
2,14.10264111,6.60935583616922,833.3731118079916,813.9618328934558,92.62104976452056,379.2253941608815,1028.24755873939,79.94538629982284,-7.379217074323467,116.81249305573007,183.88406449196452,244.96128399938004
2.025641026,12.54939483,5.324689806737415,831.7902628924517,339.7375033519977,97.5922758642965,399.1283405613144,1047.0108850133631,82.10022948332801,-2.4077241357035266,105.8064892511442,284.2450468427397,231.72334344981095
2.205128205,13.79816203,6.47471782203873,824.100839426189,621.481438158608,90.1877556109247,318.6864828407065,1003.057585107059,78.883652871781507,-9.811993434950372,115.8003645306982,197.1759572626691,245.05995497777653
2.230769231,14.48414912,6.739112706117647,833.8800599797313,2926.2259250368575,90.31238635417164,340.1293511581354,1023.3198967200836,78.60881788712965,-9.637637929620814,119.3064037164606,168.9635061225388,247.10617980639455
2.076923077,14.85954788,7.042440995314788,849.9392636492033,1203.4167620039325,90.62836119103552,321.30840354769333,1049.9180638708724,78.55406897314695,-9.36940513499326,124.1528515121538,154.75357421388685,248.8904480191085
2.051282051,13.93491505,7.631534010491342,914.7290590038178,111.07100198066372,101.89303206907742,392.5805228765211,1210.9373994464029,81.92314727911382,1.8930320690774152,133.03777420274955,176.919591782739,251.02178008609343
1.948717949,14.69110924,7.068579265682791,909.9607549605176,203.0433362455921,92.98900334852569,614.0067284083148,1124.9606622259098,78,-7.0109966514743425,128.0194781579552,499.83866336754465,232.01892308612472
1.974358974,15.82892727,6.302993238016818,932.3158989910008,4372.327986204468,108.91645054428966,657.3873280752863,1245.2835219208323,83.97821442119844,5.101218745949438,117.8534554849622,717.0793790769957,218.46197181352616
2.128205128,16.78491084,9.123874244003371,1005.453562606892,968.649841670942,110.86513850104936,643.7785871444322,1433.5135323958775,82.20246526030769,9.94276669236861,146.95311884915952,263.22499923036935,251.39478332232196
1.358974359,9.335279416,-2.3619625279030174,601.5778442305526,8816.289904047235,90.2156394306418,563.9130852224282,718.4411006788439,81.6289012434157,-9.791661364123328,32.54742212115232,434.4823623333058,183.85251109998617
1.743589744,9.388265234,-1.3584309492688114,648.3087130460937,3485.247923756736,98.91820307783549,712.1916255370625,834.8425184311409,84.94962941925408,-1.0857109338272726,40.7398719549298,427.0659482592741,186.17946255308848
1.564102564,9.31168492,-0.49975658587987354,634.8868734492271,1181.4522382339528,96.12091585466042,287.3348088890834,793.1129036679282,84.50817290041414,-3.888914449533347,45.39197202395434,328.9838618063996,187.5526339581251
1.358974359,8.543188711,-1.4459902821683643,659.1440069005794,361.70130412437504,90.8947607980836,317.99635715095974,791.4392171421215,83.02585299910773,-9.1052392019164,41.58050814499907,473.1729034119394,184.7293836521541
1.641025641,10.29945942,-1.1765867666280871,650.7277385608933,10130.081570327073,92.06031381953616,357.83526231537763,793.4702952501381,82.75882271645757,-7.966616108559498,43.1442437256395,409.67164968995826,186.8395939128101
2.205128205,12.97804619,4.07416530678444,750.2278123657669,9609.210531504568,94.08229248400718,287.61007380353595,925.2977997876872,82.04566212604219,-5.893689766927584,89.15195087605647,277.25385009306774,219.75121341477035
1.846153846,9.52665754,2.0895263540760958,682.1029106441922,1765.7335558004786,92.6282495169541,280.2425642969717,872.0276502046743,81.09789659532274,-7.388841589990713,72.55876970050667,275.7039868060508,204.02172381566265
1.666666667,10.89657891,0.3852616309757563,637.144888823669,4519.530741506871,84.11644524072084,211.93307816884845,760.7859492168443,77.87245153907926,-15.850158221743182,58.043646098805006,359.2819905655196,195.52052584954535
1.666666667,9.904073294,0.8510853990683319,629.683770140876,863.2130406923944,80.80183992554358,192.3834370938363,747.2692165429,75.52552463005146,-19.00319437127911,62.77812816800664,288.30061324458194,198.5555251765763
1.974358974,11.80980974,2.6094814347765167,650.538942300904,14300.47203203847,81.53561805228131,214.82075221394155,772.354196753076,75.53928435456325,-18.430390792136436,77.95264320559457,243.4347170786791,211.8179797258658
1.820512821,11.09295072,3.5564708877718085,664.3288294218302,801.4482992892687,82.9642727404204,193.7096329054592,787.5943155007753,75.666486184792,-17.0357272595796,86.88832268992476,295.9248631078441,220.16683099089863
1.871794872,11.66850112,3.9135608799215356,664.1107444699949,1889.3666355439527,83.30314256892115,184.66159783745988,787.852052684202,75.94295063309421,-16.696857431078858,88.92449167465304,250.0690162345669,222.02993257345008
2.025641026,12.30661752,3.7589883723831625,708.1942340505019,2681.887372970427,85.92266516898108,246.23757768227324,843.3768272580038,77.26825067373723,-13.99299761336064,88.88411597383389,251.8023809162782,218.60409176629452
2,12.75470163,5.241426724708782,754.2092081737292,857.3722586825106,87.69899028216626,330.62038985230896,898.7391610990983,77.62029994987155,-12.30100971783376,99.15299602599966,268.67748439659437,228.59422040668844
2.076923077,13.49220303,4.660045880910017,742.3415549884121,16387.626961822374,86.86839284076709,304.79438857299306,885.2719944359013,77.46309731228632,-13.139094205823476,95.17353708900356,248.6263370129105,224.9471515041587
2.179487179,12.8728784,4.64499433014524,758.8123452883816,1835.0287034191808,101.25167193907926,381.36477812691624,986.9478680433024,83.4215836596585,1.0641869877085934,92.98059063425576,332.31926764858963,216.42935345613256
1.923076923,10.78613873,1.8850339634664808,747.5742514757952,1126.971519081357,119.6575155849766,525.647780529145,1091.839797256923,88.14963608007479,16.316458296173266,68.41089711055564,496.96634342340457,191.16619049657157
2.358974359,11.98899888,3.08325084020952,709.2856907460526,13186.442324862115,107.0858689659792,620.0658906385052,973.9517303441808,84.35845432632574,4.893210163717645,78.36435029790671,260.7824215382624,206.62040370150575
1.871794872,9.097245858,1.4161155736745228,692.4796600492177,324.7854237889486,138.2606269916863,835.4548037326072,1157.684920536328,88.86243164046958,27.052283046043826,61.29779244137781,331.12035442611756,193.59986424419264
1.974358974,10.11281311,-0.0458429849462861,721.9688484307953,4833.520559102515,147.19813912617485,923.4751203426108,1230.986585391213,91.7027607739228,31.33712880970301,50.98290132521921,476.78274419155014,182.8000397845501
1.820512821,9.919704437,-0.2571763854579934,682.5039698035833,1591.6984950788933,120.64363365139717,652.6038335659398,1004.7454635156216,88.66773554903185,16.79423990842203,49.67738850697388,411.0101268731444,186.660827296
1.512820513,10.45695661,-0.02203497498085416,504.31767295890415,10787.859208096475,66.32782982783124,91.41411638749504,588.9645153557185,59.488135829380575,-33.665869851248544,51.695868471368264,363.0993255003475,213.98825825965648
1.41025641,10.66262286,0.00863566288740329,480.44712563074887,17152.74886539101,62.204303040273246,79.15402357224129,559.6095886162287,55.77783695016667,-37.78700994836371,52.76377447650495,356.4351208504719,215.95767051897155
1.333333333,9.576593653,-1.116316918777507,373.3107009063394,1167.246707511253,47.11139387063946,55.23458917104947,428.6102602750297,42.18747461781896,-52.88860612936054,46.39735047580292,558.4972296986605,210.9839347437866
1.307692308,10.08730062,-1.1111981224604175,404.75692220274857,12929.58710802187,52.04735431728461,44.079173226665034,466.867951697374,46.978587104013165,-47.91773835609633,43.570609499119215,452.75465470814146,208.7823864414604
1.487179487,10.32304409,-1.2517749716411293,433.05929490775753,3208.5018444207776,57.718649009911694,65.01705912818682,501.3870863458567,52.42726711289673,-42.248766168417774,40.16719857418415,369.7466649689487,206.30156472312348
1.58974359,10.09337124,-1.2833634311642397,424.0707657630398,1371.5389308251026,58.1544413036291,75.45452770232345,490.52941790101937,52.87742489686532,-41.93713010680908,37.93990863126953,336.6187398216646,203.88523877411
1.333333333,9.725703454,-1.7602089688887352,410.3348019772463,1421.1739700451126,55.81551444794433,58.8453505556518,473.5859175105234,50.85775847312717,-44.160144750790586,35.69783364275858,390.4893139148514,201.82676434298577
1.358974359,9.871725639,-2.0151306158721383,410.1796051089458,1736.3837528874212,56.430800779172706,52.01799576548101,472.81830873154985,51.458135913223146,-43.54884424768208,33.48569876717622,386.3179859968289,198.95442474058953
1.487179487,9.475691519,-2.243080042072856,366.1550542504765,2389.448327049687,48.94220852506077,25.126825538072016,419.5824492995454,44.42582517333948,-50.995578649370806,33.405863451463574,615.9914531915997,196.43353414200888
1.333333333,9.544322522,-1.2716841791090612,369.12406588221256,1505.440577704296,46.38428868469835,47.49423815782542,424.9209631546663,41.713407466423526,-53.61571131530167,48.17817026349839,505.38112222033936,212.24005798747575
1.564102564,9.720766639,-2.7605302888094263,377.6011486410303,3196.194339583513,51.910524953858285,35.998947469563646,433.3084793843142,47.68942528707235,-48.00067736456473,29.057979411859204,528.3854432621894,194.550550780447
1.41025641,9.568583263,1.6412908804397688,639.5034797760954,221.6210621737816,81.38227193970374,207.5956276129457,754.48155895113,72.98836510245918,-18.61755265320542,67.013112904901,289.8954493071782,222.01835239048032
1.41025641,10.14795352,1.9550947733305695,634.050164976975,72.8667504776414,81.83477264795225,217.6775056190154,747.9412095562833,73,-18,68.44410269094169,268.789907230145,223.27887533889395
1.461538462,10.20781452,1.839742977460696,651.5967423426821,335.30864370544555,82.90200647145166,230.4397766209147,768.9341094896643,73.69653469377505,-17.095031066683063,67.80106530204681,324.9453211750184,221.3210160813767
1.846153846,11.43488908,2.1159646948854225,720.1146053283903,3851.4215088599385,89.18898440558416,266.0006653214657,851.2931239980891,79.06049824113565,-10.810715017579508,73.16798457573624,338.4310555050366,218.51119952834728
1.692307692,10.50764883,2.0194864865902367,723.2103306291689,895.3828991226203,92.05687840703864,285.5944218436489,855.3233332865924,81.19317810154534,-7.811474350102446,71.36535660284038,359.1156997480912,219.68912949756384
1.846153846,12.34107273,2.893750225047553,744.442496953247,6039.206826197027,90.51945869424202,271.02950805850986,880.9931068460418,80.36467297612381,-9.461080763998064,80.89510061158954,292.6575529489465,225.56730251554256
1.717948718,11.63861275,2.537383097153364,731.5096936354216,3429.6172706499306,90.57897247179062,281.0345879953963,866.6148439610957,81.18597390812388,-9.420730378859664,77.48495554823361,298.7275141133384,219.09170938082565
2.256410256,11.91086914,2.5965913117249295,710.8417965570812,15717.51641289489,87.97909948406213,273.3814130945599,842.0798700717534,79.46363482208926,-12.027134715915098,77.84384938194181,280.7313331174916,219.97305267521403
2.051282051,11.84582701,3.4169913954099895,765.2113488476625,2842.580194877349,92.61166619451704,307.2754821666575,913.0905951373117,82.81137911725634,-7.404248631463208,84.81722096456932,264.886960189122,224.41029100528155
2.256410256,12.33497122,2.7654119339502228,722.0554392800568,19928.385579004243,88.94176378214826,278.74703716426836,856.4762854994863,80.15231321291884,-11.077378622448864,79.30420857625806,276.3806121049523,220.9335595510551
2.153846154,12.38775625,2.8262729188619597,726.2001667674617,21901.068829945652,89.23326620166212,279.2466498501204,861.3891086899675,80.33013950247238,-10.784236136549708,79.94279508063097,273.3191924779989,221.238247960137
2.179487179,12.53635215,2.9049082592931685,729.7933447885803,23911.313761883008,89.3611194445598,279.4830208579935,865.5976622757577,80.3746601786997,-10.65491145686532,80.74700063660681,268.6148056764205,221.7327538888657
2.179487179,12.24631564,4.135843138496855,774.0105902490686,2572.091077909376,90.50714859640918,289.2051325887816,917.517711465067,80.68297333871179,-9.583511680878704,92.88778094140552,217.30052522174984,230.41487659231433
1.794871795,10.88208719,2.636901635505498,714.3696241754469,579.5845573663814,85.55884044671997,249.2534896731808,842.9058868409921,75.19715209377104,-14.220287275659883,80.33916219329578,349.83068085611126,227.57819807850257
1.820512821,12.80622859,2.950216174249186,727.6619199915966,32312.072520399743,87.32406540678575,270.62321567717396,859.2624646512874,77.19201810918551,-12.65459697861564,82.22068188529242,303.17316551299587,228.39411039146125
2.051282051,13.638459,4.104749735605114,748.241143897532,11149.658402255256,85.96925383367099,255.02248362614569,884.1020924955192,76.09047682169587,-14.04550015235513,94.47405858657896,258.676870213165,237.88581439077183
1.743589744,13.14953805,3.0900725449663247,694.9134589777606,36228.90282169737,81.18115576833887,205.13315678636107,820.24881356269,71.55444207764764,-18.815311681315027,85.8167774173542,342.1878399706486,233.04986139376632
1.897435897,13.81696644,5.261919389790039,793.0018627814135,1026.3125964746116,86.90201141937277,251.2209026669277,938.369505984959,77.80846408533701,-13.097988580627256,106.0179719623898,232.3995662183947,244.95718486032365
1.897435897,14.29200927,5.787054704309589,802.7781816310704,1565.314934295159,86.52405402793413,237.68141260353465,949.868135214268,77.41289960944376,-13.475945972065889,111.03406441302069,229.32141073473292,246.4820285259121
1.794871795,14.99417088,6.328471751493759,825.3883345049541,2405.2048464511277,85.21146782300643,236.98538194592103,977.1785066739992,76.02823611817028,-14.901967875743194,118.39979945033949,223.90693951898132,249.4376237820147
2.102564103,12.76503791,4.646019092093873,788.3414538441444,5940.938246126728,96.3532168949422,385.3454969171895,977.6055773152248,83.12763972949764,-3.685881681297208,96.2431054132064,223.09512460366787,226.90157466418108
1.948717949,12.43767551,4.648276009067161,797.9593503503704,1744.0616956496465,92.09575717048804,385.8777392994785,960.5566487331772,81.46305208562221,-7.841588234332174,97.96029364682626,210.27996869599204,229.08482479639767
1.948717949,12.69593092,4.850263452469381,794.4884195073778,1157.379034817052,91.48417567315929,367.2847080859093,950.7345128860436,80.84441050363044,-8.513845279164466,100.84229648881268,218.17540341173552,231.94908157288071
1.846153846,13.01150449,4.708750678021731,793.5149017717547,5398.901666191553,91.53210462744582,379.89346060006915,952.218114260738,81.00469917739777,-8.446937665102014,98.97119563130636,208.49898956652464,230.7378005079744
1.948717949,13.25873069,4.6648409465624825,790.6716652191336,13271.65168408973,93.83656023852642,383.4906791079093,962.9388541515488,82.11825442547786,-6.164570747062532,97.40339548094276,213.80665934321576,229.04625480468985
1.871794872,13.27206894,4.481678294283505,760.4789351020402,290.1580698950531,94.43013828385952,303.5288056479742,917.530967176522,83.44011938953334,-5.569861716140483,92.04373087942726,224.13116880036935,227.04825907312437
2.051282051,12.24761373,4.911562920224721,780.8729364992282,267.88887837649526,95.9986117304571,330.97967692537395,953.4977955311692,83.99930586522856,-4.001388269542881,96.88894310725432,210.48253894948323,231.95409550358184
1.948717949,14.85294089,4.685178206951618,748.2334634550145,2921.2697542622973,95.47054962474525,282.817157937612,907.119698680063,83.89177975071264,-4.5745236357235894,91.73371051956757,211.2704433830951,226.23952659872907
1.769230769,11.70826664,4.3845282062798345,778.9435368021129,24.61621439116812,92,358.5648890595177,930.9784131602688,82,-8,93.90036312265084,204.31025599689335,229.90036312265087
1.897435897,12.89338809,4.4218974666075495,775.9437742846616,837.6284644511045,92.41214377143928,345.8170445340917,929.3098112950644,82.16070623496053,-7.587856228560725,93.19769042825028,218.1190098831764,229.0867072132951
2.179487179,12.27118576,4.43049336757511,779.4936846157613,444.5173548853357,90.61793233734144,380.0805917297825,925.9165745846108,80.97156764556986,-9.382067662658558,93.93448993209894,191.27618551431465,229.58727134274767
1.794871795,12.98839722,4.583447519294588,771.3829143622852,1164.0200763170023,87.82998664670625,385.9565820435967,914.3588379529868,78.62032739200119,-12.17001335329378,97.6918378547181,195.48869580633396,232.12215795451783
1.974358974,12.45772606,3.329889234377669,738.167859646637,4438.247105026983,92.39631830331302,310.3372688202572,882.5729034556844,82.63368771136173,-7.632061854692402,83.06486050928662,259.3339172845982,222.1434514045471
1.871794872,11.81088669,4.042842581876043,777.9804861925945,181.97549661406197,92.00673203451858,362.91658742150946,926.0154466706708,82.00667295910898,-7.993267965481452,90.9803680417754,220.19592619310552,226.99634786634732
1.948717949,12.90914982,4.673532962508709,768.8833529117921,3249.4339364536927,86.53756647852369,369.13027035983225,910.6004997756193,77.59503345205502,-13.337075543226383,100.37983931994331,209.6183761626392,233.81977584264808
1.923076923,12.50709422,3.808147765551314,777.3153862960814,504.3766463450743,91.10216832991152,312.3275398145526,922.54824652948,81.11961960197901,-8.898988978765244,90.48510342214044,247.337133986594,226.7697386731466
2.051282051,12.70473322,4.911902057769563,785.5958343732781,560.3975538595848,87.66159799472914,338.2098855469191,931.2197338728652,78.47731360714924,-12.337009669890136,104.64667220324256,236.63985575264164,236.32305105558584
1.974358974,12.80557638,5.1414100395200775,795.4200501027238,1424.8523198660896,88.43525934689968,328.25639034592984,945.872645491572,78.79597528266407,-11.564193044530215,106.31207002663932,226.0812232472202,237.3875429688192
2,13.47166035,6.22532703392124,822.7761840751907,717.4681866702019,85.89237814105837,277.9923856400963,976.4766392609188,76.64702838331618,-14.10762185894163,117.01892230349718,194.9375026016401,245.87929034817012
1.948717949,13.43500351,5.7649526238913165,807.1434282761119,551.5404527818918,86.14528895951587,287.0641691474061,957.1539436560482,77.13832528604017,-13.854711040484164,112.14049741385044,191.66157315931625,242.59265731351888
1.974358974,12.58493401,5.0720802685599455,806.0837176890273,590.7794144226935,88.24789741348958,306.4569977507857,958.3442104412476,78.99631050398482,-11.44812191228488,107.19465904404068,235.96266534796183,239.47813830355412
2.076923077,13.04247473,5.125999879078927,801.2538614044975,860.4930669148528,87.76335452672612,302.64359328288765,950.0096990858552,78.76243286625017,-12.236645473273857,107.96421857191352,215.0311754794419,240.92339893855248
1.871794872,13.2266442,5.855095558357854,818.9576298046908,1226.3136769854295,89.8966498116003,303.9138218087034,987.2723513040144,79.52734695228432,-10.019800161610473,112.02990406587126,207.87246863684297,241.97899565308833
1.948717949,13.38732379,6.007353329456182,822.4291987459225,2739.4309357281486,89.34450859570227,300.29681781219165,989.7040498253976,79.11051905383073,-10.615293664101156,113.11765870106,205.9955849162091,242.65922788959267
2.076923077,13.50691379,6.08142891280439,823.2577379909045,3448.129739063365,89.000271728842307,296.74783786890157,989.7738297232446,78.87998284180925,-10.967792427273023,113.94859190086392,203.06858103966755,243.3346512595924
2,13.79908663,6.224705724173274,824.1887661255746,5015.89742804335,88.27073727936373,290.38270849573826,988.854768320552,78.28952404421305,-11.707416581929872,115.57774376129808,197.16957960049672,244.65442626377157
1.923076923,13.87188851,6.769661791436101,820.6049024580226,393.84614902080625,85.07895804812736,265.28793870035247,972.4339859966448,76.00288021452563,-14.92104195187264,120.61705324649664,178.68415680931878,249.15234256875848
2.051282051,13.84180286,6.875694123427786,835.7206403500645,291.95268715655965,88.59534424720763,305.46816837098396,1017.046588765349,77.61531062762538,-11.404655752792369,122.82333362761864,170.0099020686859,249.7980181101188
1.487179487,9.593744033,-3.1206474382966634,378.2403541702022,37986.830396779646,54.5488442125017,151.2045980693045,445.3572696566903,48.46311310297397,-45.57619432448144,25.350746435896863,2049.4048507413095,148.17448106182232
1.923076923,10.43062482,-3.572247216416091,304.8661729890807,11501.71668664216,46.12044349894297,128.9509530329418,358.40167067464654,40.359840697086696,-54.09847990719668,27.53831043795948,2341.2934281611174,155.9901687838512
1.58974359,10.5482519,-2.409095790603089,271.0614335105478,19918.972907771495,37.21674635329911,110.8670102856064,314.00046136826194,33.018545102185044,-62.91682116759978,41.53261022807203,2112.3623454828553,175.9350884692985
1.666666667,10.98064378,-1.9681552319477313,268.49613434755014,34191.273644353845,35.24222342209896,91.23337802042369,310.07133617362007,31.35260486735347,-64.88224407532105,47.46683750234907,1956.5879264175924,183.92033443913007
1.743589744,10.93357203,-2.02663196231869,273.8999364185713,40747.140485849515,36.639916711953745,84.70295985612309,317.3794569375401,32.44185131565829,-63.49904878662887,46.31291749772493,1955.0634312503732,181.91964905889608
1.538461538,9.96746911,-2.6873333333333336,358.6009253780595,6179.010152125812,57.25513705300254,97.13043901276149,433.5336470402417,48.672955169673074,-43.17673106863782,26.545349276871185,2187.9148176081326,149.51620318840395
1.307692308,9.119831508,-0.13410060249404512,371.5824903404139,319.01998277461314,42.44943352273952,93.07740512522508,429.4592588972555,38.45119496312215,-57.55056647726048,57.66809157245116,1373.8560580679357,193.1788821094837
1.461538462,8.792594777,-2.800940959806219,413.7797449533198,1239.9121141333287,61.4324065375756,54.18163769272953,486.1500850746662,53.80635341845978,-38.56700974367466,29.32605662944182,2013.1349124511623,157.25681632769405
1.435897436,9.61084246,-2.559254352678786,394.77448681852536,1014.5959033669602,58.58336121376629,40.4435783578786,467.3274566267513,50.63300177810681,-41.69416134448523,34.36659701837805,1961.6991549472896,164.73562970506947
1.564102564,9.425220444,-0.5014361335198972,325.98812313154417,226.20273683912467,36.63270793611652,52.42184371309,375.1805458153589,32.60518022597343,-63.39662461431567,64.8645407939419,1340.9933131898615,204.04947496491843
1.58974359,10.13230062,-0.3686554056518126,327.2565291811597,931.7020521245144,36.34399712560367,57.510989420199664,376.478812283633,32.09154678708031,-63.910140003562766,66.23133606183536,1285.9173991796613,206.03435269099444
1.487179487,10.03451067,-1.732262513891528,375.81886898587305,3754.8013483812983,50.85006154964535,54.28725264382006,439.5398762405513,44.58226962747936,-49.288888662532166,45.1549229693614,1706.8054099267783,178.08791995726884
1.307692308,10.28009127,-1.4038689733800895,367.5844337282369,4607.06713959553,48.13928099011603,56.127408117374536,428.8710589325889,42.31587848987212,-51.973403639552565,49.34937907377993,1613.2298371905106,183.64734877742467
1.512820513,10.96494173,-0.8882392509803244,359.7571646880651,6803.797248309012,44.637917068402494,55.47665646357094,418.4827850163248,39.42117682948818,-55.433827275416064,55.933348321870035,1469.5781555291082,192.86548137172244
1.256410256,10.95532435,0.3816377818852555,347.8638872150438,1835.2016374778257,38.29991395098732,44.85420633956647,401.7480293388411,34.167362357058096,-61.70018085103168,71.9641219811895,1129.5797672330586,216.30673160295115
1.179487179,11.19547599,0.46323104946055765,322.0567559181992,1797.417869179461,35.93324167204513,35.43892936381256,369.8858071403672,32.03035897662905,-64.06847068149752,69.46017326036683,978.479355448793,218.55471155407892
1.384615385,11.00062412,-0.1470021477885839,343.5090863501776,13964.995593492004,40.33352819179048,47.129911440192856,397.6304222265469,35.799242516872546,-59.715726846028005,63.918429591814515,1228.5898252105114,206.29497999165733
1.743589744,10.6340059,-0.7306334824693235,296.0479690864172,7975.214424035933,34.16537762235224,44.696198097578545,338.13596932695447,30.66373552467526,-65.80610808778066,58.56218646167395,1789.8724000437126,196.8941185062738
1.717948718,10.92062131,-0.5400902397500197,294.920395600563,11090.970917686753,33.4478398008118,44.532606864091115,337.2868320254425,29.87224465443029,-66.52177403049791,61.55042621761185,1689.9463188361722,200.97684856754375
1.641025641,10.96830595,-0.7228412191147426,322.34131091884467,2421.0753759274935,39.11351704506692,31.202632472502454,370.71066556958743,34.40692489630679,-60.8802902375576,56.694498161875266,1636.5843408322885,194.78460326111855
1.717948718,11.10906838,-0.47344343101068903,300.29553810636617,15313.563018433,34.363032483373864,42.8300324525232,343.9277681238227,30.56386182425783,-65.61396876411779,61.57389104414233,1637.355956452209,201.426964860644
1.58974359,11.09875948,0.19105475229414146,324.5570598690789,646.2418322485483,36.92673887117436,56.69048954328977,372.94723101698816,32.11619069000997,-63.073261128825656,65.99414363491309,1356.5559847890336,211.52054289918976
1.435897436,10.73641814,-1.369687161828864,362.0017989337581,2979.0983365307848,48.60025124676041,39.76877215630979,425.6842035184596,42.057789212716266,-51.74575080830366,49.63628627943581,1706.4087694825862,185.8644468162992
1.717948718,11.07902345,-0.5123411164277996,312.4913412939092,20752.303175619683,36.661462178167255,43.6442352505625,359.7348621025062,32.39760093813153,-63.37123690564302,60.86199136904722,1600.19719865017,200.76053523949432
1.487179487,11.0101383,0.16287033230262513,328.4212683782391,3197.1687009457623,36.48895441175336,59.32468550081673,377.5925651098792,31.955272811894528,-63.51104558824664,68.76665903881297,1247.0827624779988,213.4174285655307
1.307692308,10.94589371,-0.23127985934767878,314.38190262585,33776.04773700166,36.09699978472819,43.96924483085051,361.56730992786976,31.907570446125177,-63.92639315795363,63.84953564902068,1390.3042334098982,206.71806061659956
1.025641026,9.606253861,-1.28309993454907,358.6383694126792,190.93721402088727,43.94059964791798,37.294967321411086,410.63167515497287,38.94246964991748,-56.05940035208205,52.15880971766827,704.1814150446468,208.18332080377164
1.076923077,10.10323294,-0.8373935193982354,368.7576788628135,8561.304181253023,45.236719521478186,71.07037004645811,423.2096231927064,39.5386988456057,-54.82422294450392,54.51134212549511,710.740019991455,208.67210902539983
1.820512821,11.00545563,-0.18571647079372208,302.1027093891911,3973.792206823142,32.80475387543111,42.54624479424738,346.69670158699876,28.746682255288015,-67.19524612456891,71.40153302508071,1556.1999944358658,211.7937341982381
1.948717949,11.74718197,0.08961064374156671,301.7911808707098,13773.933776059836,32.02397663138044,43.748506965968275,347.19509739606565,27.686945125633727,-67.98251420824748,74.62599543396462,1426.9977245012644,218.10243676832735
1.692307692,10.25270851,-0.3085315843923524,315.6640238505035,1276.9377437047958,35.26918028641768,53.200098365795846,362.0018608942447,31.032337400458292,-64.73081971358233,66.07598084732436,1517.1156948424325,209.1896984763163
1.769230769,10.68025274,-0.16688542824294003,322.05855938783697,4369.745701091182,35.961345515942334,58.35724703168427,369.6263784689935,31.420757229937852,-64.03865448405769,66.64922486615195,1434.5609033669798,211.386658275832
1.256410256,8.616445521,-0.6042344141374009,553.7990268412387,146.2854188590139,71.46360428752327,68.73888429253856,647.1306533118487,60.706994955353075,-28.53639571247671,61.18986124407846,1622.508402763035,194.83808876432576
1.461538462,10.22868576,0.25154385500219767,499.6591095797303,263.1414199619065,61.35835595005657,74.26845495151166,582.4425141295002,52.29386304250071,-38.64164404994343,69.13112530020722,1359.3485300098052,207.48054013461837
1.871794872,11.82255897,2.297286331504162,626.1313280118272,9104.719023850304,74.35312851936277,170.84848271909104,736.0075259526557,65.59635729226086,-25.634564967235303,77.81809924026545,420.60911152025915,229.22576414403983
1.717948718,11.81612047,3.109660787599256,667.1790782127123,2248.637799059721,77.79264533399163,185.43942273635736,785.1088866204087,68.39539788391389,-22.203417443281108,85.87320353740786,398.9566188549436,232.9730801043313
1.794871795,9.046826734,-3.0274778685645516,387.53493621892346,11161.80004874579,51.532229892120355,94.1894439529766,452.39726143211897,47.04963790030904,-48.503762141073125,31.838147819153708,2496.541712387838,155.73315990086266
1.871794872,9.253949031,-2.0559782879495434,300.8469897171625,6051.662765894105,36.47792320230578,82.75562007129494,343.05123074935227,33.1813198659478,-63.581570934018345,48.44418201178712,2224.061137924802,175.46636908481804
1.692307692,8.93322592,-2.1670062533469228,315.4614351084118,28265.665610293257,39.75473213904245,92.7424050061186,362.48666050997207,36.48696423238928,-60.27695027911755,43.52900889279202,2284.678918482437,173.9052808994107
1.948717949,10.27433797,-1.686347026205324,308.7269251626413,39135.242962931734,37.86338151657571,83.40054132197841,354.1934125612439,34.51650369343241,-62.15957717862686,49.53896868180548,2154.600506010468,181.38599110883035
1.384615385,13.31198961,0.8627627682096579,372.7536151657372,1062.2466974119884,38.704671999949234,33.94268388525875,433.4230201188181,33.41985898322086,-61.45095642538511,79.20808325963601,1985.6038831634407,202.20694685508587
1.512820513,12.73323294,-2.707707194419972,391.9876068910411,10003.223030543477,52.42383504335999,53.512202601232865,463.5929975630952,45.29992872468276,-48.00984110516843,34.76243068986192,2608.6902729184253,153.66542050611903
0.948717949,5.095990593,-4.277730071535371,481.3249141306238,354.98044927773265,90.17901831654608,75.62314327214492,632.7293720862604,69.70596348065234,-12.884635444142042,3.8678528126018663,3075.3528476630077,116.7287517791184
1.435897436,6.708153609,-3.885772509073879,469.05360858189584,418.53905930636415,84.52839268765321,74.67523892635649,607.9924081992833,66.14451963742478,-18.091709223813893,9.07697633190916,2996.8090293092077,121.6717778563044
1.461538462,10.68560376,-1.5717524726440064,405.6059269823602,1384.427966869668,58.809536826646955,67.11760178499506,493.7116528420564,48.5553328672806,-42.13886587610538,40.69385161745363,2474.943448085312,156.1759136296885
1.41025641,9.371187167,-1.8623333007038374,368.2248735318481,1397.504636858916,46.64141623015454,68.59652987260368,424.0946103764255,41.34627529038657,-53.35926372620792,42.654799042387566,2386.4027151474825,161.3771784997617
1.333333333,10.12285734,-2.320691273145349,400.7728913374196,2917.2558551184625,56.482108861905544,66.58304282495871,475.50475690996313,48.41947980414389,-43.874219162142815,35.233326159219715,2515.3903697903097,152.61047698209805
1.641025641,12.36482238,-1.2003362987786972,380.2243109181277,24989.54800155331,49.478536591307446,57.05640857240768,451.96647458166245,42.13086045689127,-50.970620104850546,51.1836790271696,2306.291481708629,171.7525877392864
1.769230769,12.13614785,3.3755902752585887,618.4863486371161,952.5268140545164,67.41468713584469,161.0447112732612,726.6492153486859,58.93234668802769,-32.39746554733637,95.0949736137136,463.24954014852693,242.93443776488155
2,12.61349902,2.7935110316486917,556.6137158955023,17960.910690326164,61.0740543073614,145.60042047167954,652.1503367949376,52.8689987660091,-38.90222072436853,90.19399094075116,536.6872741563938,237.94467211665065
1.820512821,12.57029767,3.744565052658248,706.6482706083565,7271.755647607253,79.37271896990286,215.85154381197816,832.9313143271977,70.05790686042154,-20.65021078092404,93.74102198026468,373.555188283398,238.72335068433355
1.871794872,13.48314027,4.120054366498337,737.0013753730454,3922.8737597796526,81.09538984883802,233.6091394830054,869.60259379524,71.74769295055111,-18.857346258152997,97.81430077166524,356.5649089583261,240.8741763849264
1.948717949,14.10044159,5.071641737731789,768.6435290471292,6171.98293301045,82.7257887300402,235.8430721486941,907.6626490564366,73.28583208409506,-17.273174040236,107.946848729586,326.49102694277127,246.813731065604
1.641025641,14.24339862,7.064346223903601,817.9989187080163,150.4181830401385,86.95905298539644,252.0232465880812,966.9510521938302,75.97643935391193,-13.04094701460356,126.98404236996652,297.9934739298303,259.0088359574584
1.538461538,15.48895956,7.047710595565076,819.0471371758314,167.3245017835085,87.00533080473323,260.987654162716,967.078240011709,76.98731364884983,-12.994669195266775,125.9960772342334,303.07864100557293,257.9991758358741
1.897435897,13.94507863,6.860765766284517,826.6334536089065,480.0114931723067,86.83796381141349,278.8613088525634,976.887433349028,76.83684520743127,-13.162036188586525,123.06611248071364,285.25999917511615,255.23318172947484
1.692307692,14.04074558,4.857328517603613,825.690341470502,953.090808925193,90.65769283383835,244.42977027184648,980.4490871353652,80.75513121042582,-9.34351136142728,103.67930001991972,297.44288651512085,242.93307110141052
2.076923077,14.40248175,4.895232991875256,803.0068195912557,4893.740273350843,88.25457562069832,259.69170426313207,950.0097794080326,78.46724729564984,-11.746003084627738,104.02115360393256,286.42001595412034,242.2418178725784
1.846153846,13.92795844,5.909841445601832,835.0202373290051,564.4251918819773,89.67218957997777,253.48616304157915,987.84375120702,79.67258042223443,-10.32781042002224,113.44161906500092,259.3784145548108,246.98168917487865
1.666666667,15.49463002,7.1571062685100415,854.1016734783349,14328.984973806166,85.16144312458647,291.132055908144,1009.4174721177864,75.29420674131634,-14.84695424888301,129.5078295185304,298.78489455072184,261.73941567273005
1.871794872,15.65926425,7.160204903637421,911.683231894612,712.2418918210758,90.40988797012166,416.34954683507215,1083.8702215384126,80.7511823180668,-9.59011202987834,129.78528755150305,365.3467234261937,254.02626135724051
1.512820513,15.58803286,7.179515229337372,877.7473978700596,37884.2926414197,87.03755129558881,329.29983322033144,1038.413895072615,77.4556335405423,-12.969875373138429,128.70709001776777,293.0045943709725,257.88659624266774
1.974358974,14.51083053,6.738733733716442,894.5524184016846,663.4257185984329,85.14928991274688,262.278325541774,1061.5285871377446,76.819726159425,-14.849873198327884,126.84644973932716,326.50795863982796,247.70942798339215
1.923076923,15.11119419,6.7313526308010925,888.8611792028532,3843.345318809812,85.6181608398439,270.2761873243362,1054.8798201441898,76.958316498568,-14.353961450934856,126.9259603620329,326.0126715256871,248.7548260234672
1.923076923,15.28423055,6.67307116876935,886.3351412131345,1908.3665544507223,87.42129436089944,251.90080270068435,1063.3272638846563,77.97311264006274,-12.578705639100532,124.77118184569711,287.39962756660714,247.69515825820457
1.974358974,15.54288192,6.606517154477631,906.4911931890688,1711.4929010962867,92.20095048907828,331.2169894638932,1120.7448250495029,79.57836038647757,-7.799243392651934,125.3487047772314,293.4867305763797,247.8470760327179
1.897435897,15.43440396,6.765848050195681,916.5711398547612,491.6455862655285,90.99327039189856,390.0740826262533,1136.925802602335,78.36824883752472,-9.31397598435522,128.33274574908197,263.7907735966209,249.6110374032984
2.282051282,16.85221427,10.459052855944615,954.0046244639582,1390.6873169723897,95.77740958160751,612.1681724993432,1241.935118376265,78.92401063390591,-4.222590418392508,159.9957164644799,76.89016600474362,274.37207782865283
1.666666667,16.78307147,8.621883572200437,970.0907469895328,317.5906631499425,96.75007792926868,320.422093496186,1182.8732552579029,83.63551988304886,-3.2499220707312806,138.52572467006658,488.3782185952816,252.85139371057875
1.897435897,16.85263901,8.56232246387243,967.1572547491036,1032.855604116001,98.03387621609228,331.09123755540116,1192.556084684494,83.99717761534025,-1.9661237839077417,138.0670982978475,518.6373426435881,251.65541323747112
1.871794872,16.47649677,8.561678242460188,966.9824753172044,1063.44845143236,97.8617126463941,331.5010784259665,1191.1960714157226,83.91166856455395,-2.138287353605942,138.1224009002873,515.1609862264376,251.77969254467075
1.743589744,16.85322522,8.53451731762511,961.7905403590692,361.4319065690964,96.4291871111826,360.8984769889361,1176.4628399177222,83.21328277755808,-3.570812888817394,138.77154690587437,489.1218804879905,252.5751082629097
1.820512821,16.37552233,8.49381439574972,957.4078381046726,690.0626082467547,96.45012829206892,384.4776949725071,1175.1122305235551,82.85301800602362,-3.5498717079310778,138.35660158119876,494.5551908741972,252.60191901933257
1.871794872,16.38853272,8.255198922842759,949.1269936435726,1366.9413066419909,95.95473471555351,415.15475928275345,1162.859076088579,82.39547581690057,-4.107473901727294,137.70165319171142,487.8824566901023,252.883577845856
1.871794872,16.07485397,6.967082905790968,914.2451956905244,1201.5911739297658,92.25963119377658,451.2115584624295,1095.7869971961966,81.97510649200244,-7.739162316107138,128.88301909802,418.6397539415986,251.47044094658003
1.820512821,15.92398273,6.837786541676503,917.6866983942492,669.5668628995189,92.3785381163557,449.20036646224986,1104.3870831000727,82.15983757942959,-7.438385576762818,128.6212503556768,431.08905384908513,250.96404664824792
1.769230769,16.56857133,6.967777004266787,918.5152833619838,2567.889531549448,92.05693462255928,449.83552313775135,1100.1466120851794,81.85548570625323,-7.89515721958788,128.88684485832357,413.38904015405853,250.8460967412054
1.717948718,16.11364926,7.33168735760584,935.4894544686748,711.1584254509406,93.30298642664025,443.2412374358792,1121.311038564785,82.34007691900187,-6.69631632179996,130.08951403606852,421.952057067111,249.8288775989164
1.769230769,15.9053068,7.931235634864424,940.1516152682764,136.11697939421381,90.09046749440904,442.7786124435231,1120.6518930281034,80.02651642696894,-9.915966530832383,137.08003728340006,386.3059709495634,254.04643852185083
1.794871795,15.15312623,8.332189533225463,954.4677227775616,152.98133311603914,103.70496177204151,354.43339103762884,1223.2591428502194,84.9073786785554,2.77920059174554,135.26132543173978,611.6262212414648,248.28153414200457
1.871794872,14.73260741,7.309157239621421,912.1112616117427,1455.9361040023653,87.03380881766826,413.693687883788,1090.1884135976686,77.82895425833749,-12.967056854473965,131.55342558564251,332.39761042696813,252.6538795123839
0.794871795,10.84942151,7.477640743491855,916.4201080568342,4682.542333714955,86.05738851836392,425.0337095941323,1094.83528427318,77.06108558234531,-13.946956673186248,134.81266899664308,301.70047064335466,255.0734706987922
1.564102564,12.43973252,7.738388500214011,935.123609889648,25795.22411153286,90.18115515308332,422.5510808566949,1126.7784564396934,79.60843738103333,-9.815258986868551,136.51183839693283,368.8450149016839,254.56791295793195
1.974358974,15.48376088,8.128725486131504,950.7637290933292,150.00353928797313,91.78345853896715,432.05848481043023,1188.3524990578624,78.92652501367579,-8.216541461032826,141.09864602225144,275.31786170745795,258.0633777484003
1.974358974,15.15158593,6.6573107134151375,911.2890131101868,1281.0936649968965,89.44984599603166,319.95462315095483,1109.5977913907525,78.69660329138057,-10.55015400396832,129.17149769202192,337.1220290312167,248.4782430102798
1.974358974,16.05080525,6.974334400509788,920.1938567852688,5316.407962237395,89.35070685905099,373.1825347451452,1121.790871282531,78.48962053386037,-10.690826835840175,130.66526154554592,303.569719287244,251.2148817628028
2.128205128,15.96920037,7.797484384866824,933.3813554313632,502.6769242571338,94.21380660029912,453.0458033362013,1198.1433617576038,78.89361936086681,-5.786193399700865,135.45979206432875,174.73757385063266,256.970517816322
2,14.90994735,7.16108139907601,924.5970281679477,2023.0733893545405,90.16240108410716,397.46847695811505,1137.5223821097309,78.46352639509449,-9.83759891589286,130.1922022585349,294.5861129045748,250.97776826557433
0.641025641,10.60383389,8.59089333225848,974.8482552598952,2976.253641910879,99.05172809452688,391.66992068978624,1264.0086537982038,81.84069680733977,-0.9229023695195748,144.02891324022684,328.51052530182614,258.92545100426287
2.256410256,16.73819012,10.175093953754407,945.5786788008876,1079.0778031475786,95.18246837229022,561.5860141065424,1229.1161408964792,78.58673190739047,-4.81753162770978,158.35611051813774,80.23989100884306,274.7388266259474
1.333333333,12.07040719,-3.4407610177331716,367.3462950754345,10239.165387762305,52.54618677643474,37.11195644294624,443.0496889561945,45.19132940360136,-48.13971016196828,30.499200543407103,2751.3617600443304,148.45018706200543
1.358974359,12.02610854,-2.8010749633877863,365.0158581459083,11943.56485451273,50.593671402386555,35.09542824711668,438.6677265769208,43.52341085086327,-50.00946863293065,37.91817879158477,2639.971193154421,156.18597497464313
1.256410256,12.66108677,-2.6563675904652775,363.17142965268533,12250.31624811115,49.990157721715185,34.80501674060944,436.2100633729442,43.016177220738555,-50.59787951603981,39.68687269224007,2613.1312177479417,158.14517398290954
1.564102564,7.638133249,-3.8340974297554133,460.52808749495784,263.9511474244858,64.34494553639854,26.41429135828935,546.0173336630731,54.82350932888358,-35.65565541425623,26.396964272385347,2744.001096587652,141.17255887367094
1.461538462,9.583776327,-1.762657154208917,426.8530896891505,212.80182109324863,51.68090199813191,29.866056353988625,495.1385357500448,44.8118540857174,-48.31909800186809,43.91958179814648,2467.0112448332634,160.27625246569102
1.41025641,10.93902345,-1.1828347623133162,414.2065280332508,465.6328058058061,48.33632055564588,29.04873356463972,480.88783869982103,41.914086072101,-51.66367944435414,52.30186900387987,2358.13053217604,169.49270917036282
1.179487179,13.22738908,0.2835336381312128,379.0411552572545,51.316964676507105,40.31091625754559,27.941697809446588,440.3258770578845,34.3109162575456,-59.689083742454415,74.54181272564355,2066.1590582901285,194.52013358562547
1.307692308,11.64946434,-1.0130007063326174,409.99784452759735,528.7878305884815,47.37409089354195,28.917821539600492,476.03067238182615,41.00228538685664,-52.625909106458074,54.95983431933597,2323.2130484812233,172.48286600414926
1.307692308,12.67999719,-0.7510444835998396,406.9387897258814,612.995921428269,46.74926012899766,28.746021630108505,472.6694892882337,40.41475152838433,-53.25073987100237,57.07361545286812,2296.385411438842,174.88444141361234
1.384615385,11.26126299,-1.6739251018712056,422.1918620639159,1017.0428496655612,51.93945475769652,27.89984103871126,493.99133583964175,44.70026269432388,-48.06092737605242,48.878555738474994,2419.159454902442,165.94129055720785
1.230769231,13.8432884,-1.5042284890048196,421.24188299942733,1071.1000255185993,51.70733221278387,27.854986146665155,492.8653127562813,44.531499333884646,-48.293030635118,49.60898274540953,2409.7733063067863,166.77786970635572
1.333333333,14.16218899,-1.0148487699639732,411.00178368786186,1315.6992742506295,49.229538804166914,27.68848127627001,480.317806576411,42.345001628143486,-50.77073158734913,55.768500474586475,2326.8243430084312,173.7806363453959
1.538461538,14.2698638,-0.38108748927545244,397.20235886342215,1767.1068055637352,46.06098411002333,27.15702585445504,463.6929122048327,39.67009383597017,-53.93916464098928,63.493392643395374,2220.03493367672,182.67663249011304
1.487179487,14.38013901,0.1641038654436364,382.1733107231979,2193.0447702416836,43.039332762644165,26.25165850008139,446.0232877141362,37.07473047935472,-56.960787097620546,70.53042245519305,2118.3583255612452,190.8975793090088
1.461538462,14.62255967,0.4035501198654129,373.8322297974972,2402.536624412532,41.55872758708038,25.80064797647756,436.3076893276432,35.76740495791211,-58.44138182183519,73.78958715136923,2068.9896088531764,194.81484980934928
1.230769231,13.13556094,-1.783286688509235,362.94305673989254,16188.861046844791,47.406902470476744,31.725072855486538,433.02686179983465,40.844892434969225,-53.038088994101614,49.19424865985342,2466.947215014174,168.39595037370933
1.461538462,15.34638936,0.2825633981508673,327.12846998218987,37059.892676763266,36.99733377191391,19.526527636942085,386.1595426732691,31.953840835401476,-63.18877700736199,75.67925989644522,2037.6009682772176,199.6783182100164
1.333333333,15.36981185,1.876429968464552,327.5743307205822,8935.204840067106,31.94445619813924,9.359012875420463,384.1858484798543,27.88961361536929,-68.06542289787319,97.27581081874706,1831.4940700955503,217.947620683859
1.743589744,14.55938922,6.472464880105797,641.0971891043756,2002.0560616934592,62.08996013123654,129.4597468919299,755.2025033096966,53.693562779692954,-37.84184702592279,127.53473276341224,473.7222563806807,266.7789858254181
1.769230769,14.83004634,6.593098028602633,654.7587075590964,3198.2708534375834,63.583211950700445,136.78209243076105,771.5151751188354,55.05728823452935,-36.37410064081239,128.17061368108372,465.1298494324208,267.59010664314684
1.512820513,15.65652836,6.546118617814553,578.3748965199189,2077.7289455984055,53.67906274604162,101.68269905938486,680.9112950044927,46.60138384266605,-46.320937253958384,133.27601267913695,552.53362053855,270.58241091386196
1.794871795,15.55537911,7.596343262297001,931.3127767253062,1110.0521384742478,91.77823428429504,345.5148892877396,1106.0894684791758,81.734078187707,-8.221765715704933,133.0433060107026,379.2853478613293,253.9567933768328
1.769230769,15.82603342,7.794820094395212,947.606037386733,366.9008426870414,92.51229711437244,364.45580266063456,1132.324005722457,81.97970949686271,-6.959835850457601,133.08201956009984,409.3484720593467,251.524202017702
1.769230769,16.43556515,8.046256475515403,952.4091663662666,505.53772682523703,91.78640143412744,329.43896181212415,1133.3251164821586,81.53616859259309,-8.210689474796919,135.50419574722133,377.78178383646855,253.50185942046645
1.58974359,15.83845268,7.758517438546184,937.9307436857928,616.719057965891,90.9025179604444,320.9095396698018,1111.2000156411464,81.23793203026018,-9.097482039555585,134.06059384028924,366.9721581824302,253.28354695960107
1.794871795,16.74901362,7.921180235738511,944.9665728864468,2200.114816395283,91.14100775171518,328.698749623463,1122.693476902186,81.23738291214536,-8.769950607972762,135.043891619544,371.3622692035621,253.45288144969985
1.717948718,15.80751053,8.074849228696298,936.614401085446,237.47885549332844,89.63400533051696,291.592053093277,1108.2567145143612,80.27973085382843,-10.365994669483046,137.43195959104312,338.91789122140295,256.08013519230286
1.692307692,18.15290578,8.494187955493368,948.6309819673796,20.84451766788123,88.95899799637549,280.2460120217471,1122.5489779601303,79.95899799637549,-11.041002003624516,142.91799599275097,314.3439679420078,259.9589979963755
1.538461538,16.43055883,8.50200964105635,949.0035551502258,125.93083479547354,88.99843682516033,280.20540954533567,1123.0132982437326,79.99490088057462,-11.001563174839678,142.94326708518568,315.1300691253387,259.96553824757626
1.435897436,15.24059183,8.320343953274563,964.6829013170716,230.39141292727788,92.13889258657645,297.70190849966025,1146.3710146703766,81.98942658153815,-7.861107413423557,138.66580948890797,382.0846263615215,256.2430644622379
1.435897436,15.25960475,8.34920770209654,964.8813125522412,267.55177986695173,91.98114967125883,296.4638344715433,1146.3229907254106,81.9780460381199,-8.018850328741145,139.02899165456876,379.74337294820464,256.5260714683936
1.487179487,15.72806936,8.416979886794843,965.3258802127548,338.99658655067043,91.77461172753772,292.40538432600846,1146.256863556533,81.77533110508844,-8.225388272462261,140.06665756494195,371.0484015430225,257.4589759368701
1.384615385,15.49614364,8.490747516799392,965.67630844007,420.9036411610484,91.6239243572213,289.3195688332098,1146.2252670567104,81.62829588278319,-8.37607564277872,140.86792197560922,364.55472772776784,258.1774850894178
1.769230769,15.95222901,8.689318014744693,960.2704181486,153.78349734376124,90.04273452745787,275.15266931284253,1136.404809800395,80.06160098026062,-9.957265472542122,144.95882082027404,326.82275134957786,261.9460335444919
1.743589744,16.71926706,8.804745342139459,975.1260562985044,433.8096338802704,93.94926485201589,303.6661045878059,1172.2636531088528,82.43340145502505,-5.628292679352214,141.93957928274733,402.8080747849403,257.5654090562465
1.897435897,15.67785664,8.278332746002407,960.153779139004,335.51113397532464,92.95755032509862,328.00259863425634,1144.3824618635856,82.00000000000001,-7.042449674901382,137.08099419157298,392.62173202598257,255.0440077854692
1.692307692,16.8579444,8.606044788781595,968.30413475877,1469.2081482194271,92.88700333584087,310.592114434889,1155.414002671968,82.12497945497782,-6.987456137329994,140.5788355114073,385.4831291073343,257.38536611999376
1.769230769,16.84413718,8.645213748150196,969.3682519063528,1629.7044871446135,92.93294103301832,307.58015270971583,1156.770984137115,82.17163289231003,-6.953730509764202,141.12342486513847,382.8793070372987,257.7907894440465
1.692307692,16.80171932,8.596894290030153,971.7334544660076,147.1569349794135,91.98389625009486,287.43102550623615,1153.6651502586385,81.98645695631599,-8.01610374990515,141.97255363607624,368.6900231554575,258.97562678093624
1.666666667,16.87333544,8.80109206508241,972.0806521341658,49.62679627366026,91.97239099757118,286.73260946819465,1154.0254341293082,81.97239099757118,-8.027609002428814,142.1678288876936,367.2999623918573,259.1402198852648
1.641025641,16.80744524,8.736410582705215,972.4399571247468,298.79706588137213,91.68195262164132,282.03263124694416,1153.482914570687,81.9767678430738,-8.318047378358694,143.52044675986258,358.46332064063506,260.5129330079376
1.794871795,17.02415263,8.775367369736335,970.2201097667502,2453.862122298782,92.24144798504446,295.42361068923844,1154.9177749257306,81.78410455446593,-7.683229662981004,143.27463280961788,363.79381749422487,259.8140872558179
1.564102564,16.52986872,9.003653424849473,983.980541918303,106.33855889949776,95.00320465266624,287.1036280432823,1193.0054215604923,82.99999999999997,-4.989251593554138,144.99418203646732,395.074532050508,259.9841730612311
1.58974359,16.88355027,9.165708223208785,980.845429111934,808.3435693757243,92.88879168673613,275.94089782056153,1175.3478426564254,81.98563239962556,-7.109183868826355,147.9902703456186,351.6299792434614,262.890057344069
1.641025641,15.70132407,0.37759068600636086,372.60484412123606,15400.186669843251,37.8925873869735,11.06792326961494,436.32697617606306,33.44360286563045,-62.09758560439877,79.56114849957092,2166.5032510528463,188.5337577090298
1.692307692,17.36862328,2.377235573444197,350.08157262082267,29025.692979845448,33.33346754773423,10.88346728648182,410.7461686095152,29.312142170980277,-66.66109596332696,100.5379918016248,1864.2387622978656,212.77816229952097
1.333333333,19.26490101,6.288972082587174,330.92700961080624,2083.9496820645086,27.427690458909197,8.992538000033687,390.02402987689874,24.063101610569944,-72.51981630323719,140.77356486398264,1308.150257757594,255.58805679138592
1.538461538,17.51526889,3.524012915522235,350.63265365257365,49258.32576195337,32.04108676792777,8.36487347166033,411.8918810697639,27.97832323170229,-67.9440919904255,112.86425313935534,1636.8404194069144,227.3711897910273
1.58974359,18.19852991,5.725013149686853,424.1320524623772,34271.187206838025,36.89800241135701,13.154683102067,499.2320308470691,31.436441953826243,-63.101708502590235,134.5510467367302,963.9639370370844,261.3208118943726
1.564102564,18.26298161,5.791205101333778,429.1021260509005,34919.3859089903,37.36660883750874,14.838920621158268,505.1209251645723,31.857661187917067,-62.6331074426613,134.90638070047612,953.7622779524428,261.6264190170464
1.564102564,18.58420668,5.846122677307721,433.2032226243239,35421.94390879773,37.76592076810035,16.716734304129186,509.97427928037706,32.21164121626516,-62.23379953741823,135.21347056277034,945.6640618348738,261.8516090629371
1.641025641,18.75749228,5.870266041715851,435.0783189194352,35645.2947094093,37.94957190653355,17.64426899276691,512.1971593327295,32.373784684560796,-62.050150151530126,135.3500651126433,941.9923075812552,261.9467211517674
1.666666667,17.65733642,9.225110080402917,907.1971330603014,525.4682082773568,78.24741334721806,348.746446205713,1073.3350120015373,69.41643494510508,-21.75258665278195,155.78490648970887,276.8577111300248,266.34822699991645
1.794871795,17.91396237,9.248906030890536,908.3596166396078,694.4543708956588,78.551067597443,342.46441280812036,1074.8143473133644,69.73159046522731,-21.44893240255701,155.59481720437427,276.86069174382754,266.2651420480777
1.564102564,17.60207947,8.61204609204205,1026.4756160816275,244.357498876575,96.02762148600226,338.12654605269955,1254.9525260803655,82.33379942656865,-4.418799558805927,150.25774200976804,405.182054171819,259.2823439272824
1.794871795,17.58010671,9.504117608219563,797.4932597748384,379.5665910570487,69.29953625144685,316.59419068800827,942.8951336796646,61.01336818645426,-30.70046374855315,157.36797390217404,233.1484294283455,269.6542962244425
1.871794872,17.45144061,9.269103529551767,988.3492264331144,1124.7132275276938,93.75762011901648,290.98261801565843,1197.9133288955666,82.01546252489437,-6.242341525519569,149.3888879200789,350.8993148001921,262.8174506777405
1.820512821,17.00302373,9.549645067859755,1025.5352350137814,119.03885308053152,98.80867050196294,408.03848409603904,1327.967227377563,80.96862960995209,-1.1913294980370752,158.9522267526447,224.9807477283022,269.0153163576626
1.974358974,17.34988908,9.681590361630784,1025.5994104457193,185.5349356590401,98.85132071796998,408.20422142914094,1328.3963671863387,80.97209578232477,-1.1486792820300349,158.999158735621,225.30333669947936,269.0383411335671
2.179487179,20.1236633,11.768860604874078,994.2625695649416,1301.7903008718922,101.81008825867625,779.2474934334568,1345.2023186293509,79.49339678254157,1.803208137269929,169.89086750446708,41.44817274503155,276.480517434265
2.025641026,19.9322613,10.976573083353006,1021.2154249893424,34867.04313967202,103.80226017074064,818.4384741416545,1392.9523663157556,80.18870500400357,3.611896483814725,166.8739707329725,74.2538770499234,270.348039758671
1.282051282,19.66564659,9.31801841647137,485.49855601182935,1267.5852309162606,38.97446588383987,19.480464546287983,573.3854863958453,34.1868706122986,-61.02553411616011,164.33795948310507,587.1076549732716,283.43105393889266
1.102564103,19.48069152,9.561986021140074,503.0090373598371,158.25257372392588,39.99009963393025,19.951604186051743,594.9930113107392,35.00404734674014,-60.009900366069765,167.00246948315848,539.9053282061765,286.00809469348025
1.282051282,19.80873912,9.508817867911961,497.8624861013536,2457.3539432498646,39.8629886632797,22.053719274190303,588.2203616709372,34.97474671346145,-60.13671297885544,165.95061590960796,548.029988279971,285.5617994512253
1.179487179,19.79778363,9.307729939098005,487.5333844063669,569.0264572513203,38.4918659853505,15.536284564567426,576.3978798071975,33.99597065145104,-61.50813401464951,165.3757444969596,605.4156154385937,282.57371412034
1.025641026,20.42958228,9.307729939098005,487.5333844063669,569.0264572513203,38.4918659853505,15.536284564567426,576.3978798071975,33.99597065145104,-61.50813401464951,165.3757444969596,605.4156154385937,282.57371412034
1.179487179,20.2998989,9.556308304590587,502.01191376619687,1438.585328662929,39.44083108302489,17.237877648480772,593.3705994870896,34.915018188491146,-60.55904529071832,167.4894919446773,552.1291835855956,285.5377118380185
1.333333333,20.13300969,9.667891915754481,507.25062635192694,4773.297741119465,40.2605987544084,21.87640497761472,599.4794619094844,35.48865839964503,-59.7392193192242,167.6376870688913,525.6346245675288,286.6332034838401
1.282051282,20.23355869,9.759391546273424,512.6008310497975,5277.4596566913915,40.69458179359995,23.298165358533844,605.8263935498487,35.900641503141784,-59.30525365967207,168.00449236438408,511.30529324280104,287.05026600963004
1.435897436,19.87812833,10.020356582808862,534.3176864151321,8148.994123014176,42.54793245802328,32.16764706693539,631.4245025248475,37.626017788938015,-57.42770125972623,169.32606455823338,458.4003400324405,288.89406509559814
1.564102564,19.22366891,9.076909982898306,650.7856693024175,18574.77187190927,56.03750738014313,85.7027797970773,768.1943093969046,49.08928038560449,-43.95655252739435,156.69623576618588,455.93271927752033,278.63223023854766
1.58974359,16.60187026,8.776241295122274,1078.14338845409,230.4799642447977,110.70201966835734,446.3971798898398,1435.33169807741,86.88203864647886,9.705551376716382,149.24868420396433,413.7521461487254,256.2420363067828
1.948717949,18.21960545,9.929492198671404,1064.5731579782685,13846.828931117396,101.50941967214676,475.13812100402777,1382.398446215374,82.56066816776944,1.350863773788515,159.4394521321386,173.57358206442706,266.81797586665124
1.666666667,16.047705,9.091372922508786,1041.9520549748652,69.78015913368607,104.95874666352294,439.12212514112093,1380.7627262339588,83.05048761592194,3.9966470653644337,156.8084061875068,298.2660359864418,265.91273435398625
2.153846154,18.12611556,11.257468983744753,992.6742713631576,1049.9345090196011,96.02771459358088,533.5888093168105,1286.8928945084435,78.18023012508291,-3.972285406419114,169.41302607284496,68.71266115210655,274.840752967404
2.179487179,17.88731606,11.274194370068388,999.7882460974668,1416.5952522943956,97.37983631352576,543.9963039152734,1313.2373381642,78.47059640379254,-2.6201636864742235,168.99741975637588,70.28766015009148,273.64641711855035
1.974358974,21.78245577,14.211991953950184,1168.568865050985,3579.9873993514243,107.50796124551464,732.1902045182222,1526.6878099672813,85.151523522224,7.031742616313762,193.2225381485499,19.71085877603471,275.9406975822505
2.051282051,19.60292053,13.323502384832276,1141.9628718035028,1306.3681257046278,103.42280522823528,579.4681286313806,1499.3897251725984,82.02446946166664,3.4119507194519545,188.73836581938588,68.84007748603125,274.9803483583823
1.692307692,20.88786015,12.931474242851742,940.3666680355803,9413.510625246783,76.35935676862988,306.09373981896925,1113.077426560584,68.2195278689503,-23.626499953463643,187.1911750483519,116.63179905660142,280.64355081205895
1.717948718,21.46734836,11.490328348697988,696.2062455240633,7912.116955745946,57.314394296902194,120.7028205265086,822.5686032581075,50.41107188946896,-42.71919969479472,178.9211250411333,285.2599311823034,289.141560468479
1.820512821,19.74794791,11.179011788844935,767.7915270096279,763.6737556654197,64.82196948837559,166.94037762332212,907.2940039075482,57.297748158610105,-35.1780305116244,174.0974894491674,285.13331425536614,285.10468316818395
1.564102564,19.231369,11.657793693294254,797.2115882640219,4339.439942692761,67.5690290547477,180.82869321175383,942.0358772081833,59.63053353868819,-32.38184822862796,175.5408820894608,233.3649906310895,286.8124730932097
1.487179487,19.99285664,12.301011287886205,814.4581544699462,173.0858174167056,69.93411432527216,194.88525997618996,962.3625317437712,60.95353165067064,-30.062033412097055,181.0228844682113,199.31414733798695,290.02975106894627
1.897435897,21.47398343,11.72055970142092,738.1491550207127,16234.502832763705,61.6530186792741,149.1645278577455,872.1499850050096,54.29599037165978,-38.35017619757067,178.57247473112744,254.44286319693848,288.7832726080519
1.974358974,21.52016147,11.840509720710708,759.2956474835734,21057.959641651683,63.65026450581105,163.93096820437256,897.2062948141648,56.09821017882019,-36.3459238051684,178.81227833962234,236.33476395185428,288.46177984866074
1.564102564,20.22790087,12.473772670301976,762.2727247978296,2137.0577078817746,62.381926187737946,183.58942803546475,900.97754261844,55.140029967244345,-37.50650296456691,186.1051883721692,186.05129679591496,290.1944242297791
1.384615385,20.53062131,12.72936970946313,826.8427759717318,369.4581954223653,66.16089715767305,215.79676506151293,977.6048057573032,59.164709631127025,-33.835521494392324,188.99266984070496,136.40517172407078,287.99598241068543
1.871794872,21.68026959,12.19507007856031,789.5949924224905,35987.83937472206,65.3335095228836,190.76475960594715,933.2895153012132,57.964958336532426,-34.638760543055,182.0669146553331,193.9456077597268,287.8328528803188
1.794871795,21.86954226,14.459994220740459,952.8403114425722,1047.407754431654,77.47660891609955,318.21048284222564,1127.0559895217589,68.96134220391522,-22.523346637268055,198.1282548519299,76.06648293234898,284.3864325744812
1.743589744,20.75080736,13.882245082063182,1023.6321246142304,990.3710701283168,82.37813101039248,324.9325524411256,1211.440865696327,73.09460283896892,-17.62186898960751,192.0241640924207,88.98337448053101,279.8902232061056
1.743589744,22.72994243,14.826327185552428,871.2538781533971,765.3346552148545,69.10944741781856,366.3878671154821,1029.7230894338488,60.93325176987504,-30.883404908845954,201.79507024835465,66.67437003980413,285.4227972366521
1.641025641,21.92473041,15.075524398225722,887.9263527068699,445.4467890616693,70.70726840669096,384.48371068296507,1049.8866577736187,62.39890322705147,-29.033044093918654,203.85619886141427,38.87229988224367,284.68300145277124
1.615384615,21.7347613,13.754277415974249,653.6019467113434,506.36635777767407,52.1237217078502,164.25373873850802,773.1165547364759,45.74387380881571,-47.87742374111246,199.81189202009065,294.01010417410146,286.36997480721715
1.615384615,23.78350534,13.32791860860152,618.3216028244556,4533.876674691509,48.54931385557153,114.30017564846376,730.910644702811,42.52479856729757,-51.45081739496381,197.6581048692026,352.52628272191487,282.625723585168
1.769230769,24.08611837,13.937553092988304,633.4454077590995,10132.832785068327,49.13103973881116,129.39008581159965,748.9700887207694,43.1604550084738,-50.863864516000355,202.14920316040408,250.91131121578104,286.170864489542
1.846153846,23.61433024,13.849789257602193,683.6239905067519,26253.282640452708,53.32265627466987,182.22660722231663,808.3385919512731,46.932229210060186,-46.66837457912175,200.15602862802672,241.09965732434063,284.67382068363634
1.41025641,21.29518183,11.566977827297837,588.0292930703963,1029.4977212491458,46.45401334502784,45.79052970992987,694.5446466664578,40.45505223498349,-53.70545722846491,181.81808372140424,601.7415624033973,268.57191551461165
1.564102564,11.46975779,-3.5787274131911455,393.6330083513343,16903.515288379138,57.64554364590608,80.3077207228772,499.3295209830568,48.03721587176265,-43.60824473515619,31.728851900857535,2784.3292118020067,146.25230603807535
1.615384615,16.62478658,2.5730978097930715,336.0407349809635,10462.984898409322,31.77092860175086,17.366156195321228,395.5538115280768,28.53783893760179,-68.19625614036836,102.93002327675732,1924.04447969644,211.96767766076977
0.923076923,2.400902134,-5.243363575117898,511.9081318563088,27.313374440239336,100.14535548200053,157.0385626193176,692.3699316469075,76.05742161775984,-3.878870431666237,-4.079552087155233,3211.9982529638687,110.91835246857342
1.025641026,3.547762567,-4.762708470809077,513.5594070870465,51.78773801320441,86.35039917857569,133.37419250615358,645.159662232095,71.06423292202086,-15.673224589854222,4.874896346526309,3043.2055665602993,118.83411276061447
1.358974359,5.439354816,-5.053693793294062,500.8876831363748,579.9965408101656,87.42295658950061,147.5898251950786,643.6143143865243,70.46673566085526,-14.630872889975029,2.736805589043635,3069.5732334411505,117.8235574798716
1.564102564,7.330350323,-4.376257093556442,412.55336979064913,375.07811966927494,54.19152995643845,75.52932710672508,480.43744164191105,50.2994113822026,-45.24669106555932,18.717945035095912,2655.956615094632,139.48493900134278
1.435897436,8.377888234,-5.125907921481916,448.9277785643225,6141.942195672192,72.46435072390932,130.5148419338774,556.1959741924326,60.98716768256868,-28.66673355262453,7.612933470384628,2935.30509518652,125.60513953516656
1.41025641,5.49359941,-5.93802185984288,470.2951835887784,195.12233488956048,82.09346346637291,135.1792896422735,577.5269332814261,70.41261917508648,-17.985669297555116,-6.330490953793339,3315.1591951946175,110.64631680898972
1.076923077,4.824293738,-4.576119147564016,452.6287431732964,263.1806581299227,76.12850144469797,180.91203688788775,555.3150578391376,64.71383545934458,-24.426182192285022,-0.15087191515637963,3146.2694841655502,117.7184172220581
1.256410256,6.832881915,-5.14612819169253,438.9132601788533,2222.4386699477072,75.00350962766232,170.68058854181166,552.9244517570304,63.01758449328366,-26.09520476610164,0.765460311860901,3093.008969076237,119.93861276733888
1.153846154,7.855165684,-3.9875558991249536,421.39591185517463,3759.365984218152,67.36660687398678,175.3651430817778,522.23495556914,57.788008504368165,-33.40424476101307,9.468898522265928,2932.7624021770616,129.77769462586872
1.512820513,10.26594285,-3.3567717720311476,415.7810095727827,20678.20050379327,60.78043716889404,141.5679353190882,503.2186317352255,53.385108272709864,-39.70251134951263,21.66705701609042,2729.073240967318,142.79097840976675
1.769230769,10.05473041,-2.0100869614453716,418.869391830989,1535.5888761317638,54.29675717889303,137.5359345038813,503.05804930762497,49.34793642622963,-45.613226803015024,43.00495511969902,2506.581892800869,165.4786120544507
1.333333333,5.941109239,-6.095191362396617,479.45077875525345,637.7733636469208,81.78327137182278,206.7350306727433,601.5289064406152,69.35754179389451,-19.10791622042371,-7.063317952716403,3197.5677645586784,113.2111995159345
1.333333333,6.328291912,-6.034001028788812,470.4579156508366,748.3834161700944,78.10634277160027,209.34332509231456,585.4001342354261,67.00008505318537,-22.63501031865599,-4.774271622388482,3140.4590638057975,116.26654375402356
1.846153846,7.558745437,-5.1914291124201295,436.2595765082475,415.5364965237888,64.04770074714993,199.6645901359275,525.14197723515,57.29281640904716,-36.3150807146742,5.182483281051355,2917.943032398536,128.67201928397571
1.205128205,7.025188851,-6.337637401847597,456.0430311305515,2615.0729148740006,74.67540911313235,191.77345646206172,563.3612054011613,64.50739647887232,-25.930372794361073,-3.3199572435959173,3121.584133955417,118.26415159929726
1.564102564,9.13536296,-5.4145092658171485,419.68450687994215,2741.6190672082416,62.42295290128104,147.5551201652377,509.5326053987916,55.32704254961392,-38.184901792825215,7.144180454641538,2974.682797577174,129.2337792523712
1.538461538,10.9964048,-2.9589115529528733,403.2277867032677,20545.00429412591,57.137164727262935,145.20646152446844,495.09859810905374,50.10841517533644,-43.61619683455815,30.74287540370352,2676.2877763452384,152.55692625084123
1.820512821,11.46185903,-2.653563853044428,399.2280481880898,46234.182808457925,56.40626349033547,138.6444654191026,485.2209518019205,49.74264319330524,-44.13662719798979,31.655442666066044,2626.7332630996684,154.23330044609105
1.641025641,9.436423757,-5.725467832115485,313.8142281200325,9878.251778719246,46.14721003414932,209.40247842392785,362.8701936402531,42.616980964285894,-53.96652814909101,5.1780845856171265,2482.8042630890886,135.22521730188123
1.615384615,9.361510812,-5.643419277506185,308.641800285566,10843.28979022606,44.92665503770837,202.79924786002633,356.2296372393125,41.614795554310675,-55.16372299932295,6.358151458256611,2464.4228469523664,137.15099809164548
1.820512821,9.909840635,-4.231488024015309,251.42836633508549,25171.736322497556,32.99584473788685,135.7457055534703,285.71954383786135,31.09534248308744,-67.0140303024253,24.035259754454216,2274.421508962433,159.85557496535333
1.512820513,9.42533909,-3.8638344321795928,253.23583719884655,39077.737770914835,32.964767935819246,110.38244511790828,289.24388566086316,30.908598612377578,-67.06677276767212,29.79519324336888,2267.2384888893976,164.98114700768187
1.256410256,7.613360713,-4.263294613637978,441.1399099640522,1458.412993843334,59.802311001219344,69.63785938101825,519.9298936733244,54.72223801637757,-40.19657106504374,20.286864484273824,2680.5689764474246,141.3723089015314
1.615384615,9.205303988,-3.0509577755129067,427.00289311544526,5497.422763485093,54.104672653783496,68.46945083254543,501.9872704459375,50.15768064623629,-45.9185450050182,31.687435138683615,2442.304140241226,157.48221164707766
1.564102564,9.842455771,-2.7890464144982445,413.6605655961638,8743.514235051402,51.05753048046438,73.26986178983904,485.32960420460256,47.581051813477096,-48.97277996913323,35.49698349906535,2369.344510651785,162.6456152050942
1.846153846,10.52409506,-1.153865844787246,233.3829887888519,2609.289246796347,26.205738916848695,63.045590494340416,264.3563811424617,25.38713756300003,-73.79360222032207,48.27420027540003,2122.1838939678028,184.41541438732153
1.846153846,10.59700505,-1.9324043677459353,337.84689349724187,20526.480918670808,40.126633742639335,69.85887849978586,392.406468997512,37.8493895970776,-59.87589460657923,41.860748451079296,2232.9873492355573,172.7941743283856
1.846153846,11.70055392,-2.310113804004215,345.9566051561286,9760.777143070884,49.95482588657768,53.122290580478634,418.7053882221316,44.546821364399115,-50.18382160657793,39.03666115867265,2404.9802798601027,168.84942520865488
1.179487179,6.248521483,-4.295851449421402,474.34554922892494,670.4375869578846,70.82058887225917,96.67843258341134,570.1910031600698,63.11489439002808,-29.179411127740824,11.858633090784906,2913.2171793115745,131.23401654643314
1.307692308,6.462497894,-4.18100637810676,482.25805703909305,461.8502290587083,74.85773878236641,113.7046089239498,583.0323318174012,66.0608444389647,-25.13846401822443,7.002358829692896,3009.7975027059265,125.87046923030384
1.384615385,7.505810166,-3.6637141214700164,463.4185743455536,1665.5048885365704,66.58302010334774,103.31415830904707,553.7678492796991,59.788504885050706,-33.41515067229578,17.310700203881538,2816.20200001801,137.6920880611373
1.487179487,8.607269728,-2.861250794144349,433.44730414458405,2653.09017252389,57.62784194538275,100.07488358498044,513.6084350427873,52.48028176063703,-42.37277719438124,28.984950623360085,2585.7026263664343,151.7368184193443
1.769230769,9.954660208,-0.026314753714484215,382.99061224448286,1309.8285158519166,43.24915014196499,86.77958122623664,446.2891850986909,40.92725270769423,-56.750302854070625,49.54817243396045,2263.8641882344346,176.6675382898269
1.769230769,10.24944327,-0.0836657376857242,375.66945369583897,1687.632332675817,41.98846103625563,86.52526541445113,437.659258319896,39.77318318529062,-58.01111456593487,50.22839853853762,2226.1432228773874,177.71831175522777
1.487179487,10.7059948,0.4712311166389316,332.4785344004579,677.9579372962259,36.09875301888295,73.77745888852678,385.7415174238855,34.10725648234504,-63.90124698111704,54.443142328692666,2094.8047238216345,187.0816784985338
1.717948718,10.10436816,-1.1911107637029488,377.7788453927934,6552.30850072857,45.34125212253292,88.77214475168348,442.9355777498982,42.167265049641095,-54.698452837105066,43.57984510479127,2298.100377125419,171.32760020416853
1.846153846,11.04807428,-0.35384670278943803,345.80835225825984,10087.512142650048,40.03114402002341,77.02180467492018,404.07695635057325,37.55363284004011,-60.00884400928404,52.13939855821895,2181.515931246024,184.0763327186839
1.051282051,8.361687026,-1.7702989226508203,454.7003164242041,8369.237681800312,58.85728236249575,120.43564441514556,568.9835966562351,51.26453096713109,-42.199387995634005,45.07799577116977,2492.758654153678,163.0180035455201
1.128205128,4.418703314,-6.866350557868411,558.7651862572507,377.9707472176144,128.73089916310462,181.65977988731171,883.138518164741,86.16391328589957,17.906251684833034,-14.30967591083467,3543.610426284016,92.70044157503692
1.615384615,11.55806375,-1.927871048232153,468.83171457967586,3544.02638670685,70.54722567038723,95.4336136196261,616.0804884114079,57.260554034273326,-31.870174647819113,41.25692013533834,2660.035522857722,157.14774207895888
2,12.22124333,0.5243265310431267,318.4964846615213,33170.245650634024,37.01660561609731,53.55984340412225,388.9671528449179,33.332603388514016,-63.528137640395975,76.29344538448471,2167.6403063645075,198.80982540505033
1.974358974,12.58585931,0.8275062389515567,312.9800782638393,37629.77048358958,35.85918118009953,50.792595735450504,380.8521921412308,32.526696560201216,-64.62323670158506,78.6491816381181,2135.1989241871834,201.71072853353215
1.923076923,12.44558972,1.8414080529595913,318.38836384722924,896.7354937286644,31.41569721697319,63.9456003388963,371.99030811311417,30.8889101404358,-68.5809560363256,89.3888239593511,1966.5037465842595,217.4822406306852
1.948717949,14.66183024,2.6952966558605453,349.7918299113528,2453.6259776162797,35.1001475065385,66.30114648696255,409.56882108689086,33.38225540807577,-64.96944722667698,89.04293358692692,1966.2785000536264,207.36061954479237
2,15.52374684,2.8446651445966515,347.46482667983463,2540.2262193190113,34.69595996044719,66.74463899601471,406.9479288294495,33.034761032045964,-65.37119836308227,90.78300667859864,1942.154798585122,209.25689050202385
2.128205128,19.11353061,5.601719411287118,293.679580485513,12566.189693073868,27.077438793783056,49.55201374825888,344.3805436890125,25.9608940270364,-72.93278196073484,118.32818109383346,1579.0134006509934,239.49854088136743
1.846153846,18.09231536,7.979873240166525,172.2038949384066,2640.0168454896766,15.872378973264366,14.17151012455407,201.1760272448887,15.16367137508778,-84.12762102673562,143.25840644955522,1329.5437961486832,262.761042094332
1.743589744,18.81716933,3.2390019999961615,382.50941163757847,20433.130046122424,33.51238181170641,9.103501281905224,451.1660363723845,31.78885705315469,-66.49671380118323,104.22674103119824,1931.0280162593867,207.45519325088023
1.974358974,18.14367734,3.713772716367147,463.1306055276594,11106.484422173884,42.82911391723116,17.535128885334835,546.8167471241978,40.495483076906936,-57.19760829115632,107.62196677083116,1888.8685803841493,212.1157313138037
1.384615385,18.4716765,5.257621152358633,458.06536174863226,16027.621760887516,40.889438617120064,20.66425300704161,541.055976658498,38.79665467189054,-59.13168883278061,121.865444898898,1692.2692888235172,228.01911826479036
1.846153846,17.89985678,3.6664692562970127,354.4463380143553,8198.436541558975,31.763839806336733,37.758728140271835,417.40097724044546,29.854325703204633,-68.24897328852363,112.71953909199247,1709.490006547197,222.27300463259908
2.358974359,15.30433165,3.1157497912671954,536.0877156633832,615.0389084693699,52.27770821609163,35.14478886535075,632.6167979472006,49.0697478421958,-47.93467664296283,96.91431605096312,2019.1337881335085,205.70306562341676
1.923076923,19.11436745,4.459624098610175,399.8727906553586,14244.094823541333,35.34975383159199,40.26507534359515,471.6813396098703,33.438682572285686,-64.66757335752473,119.48684970307929,1652.7859093963143,229.29217085250025
0.948717949,16.91587616,4.772365870698905,401.30318127516966,15082.670874043944,35.23485442959324,40.079393129060115,473.4523399562032,33.35732378791744,-64.78196733875518,122.07024542019082,1621.157569175256,231.8818682589506
1.820512821,11.99847866,-1.1534115443156538,462.1219832462685,5364.4636588968,58.19792775620359,182.86683970946584,553.8247169162324,53.24042389565259,-41.89201392565798,46.91973937496951,2130.421699727283,173.2347538485383
1.692307692,10.49608467,1.6085660507369468,508.61899108314714,116.7495310574998,88.16682212782553,214.9552177915375,747.5736821992165,64.56429665843578,-14.723005655132356,50.80842804425144,2292.0308412240456,177.01024731021988
1.897435897,13.43378545,1.0189173840357313,431.2886157017823,9085.46161993389,53.08576953912467,177.67714709826026,526.2288306010158,47.87084003840518,-47.08363055179467,66.08674296174125,1966.3872915504824,196.51566222011877
1.564102564,7.018414069,1.7479685893117287,512.2775099546996,18.66393029252283,61.043360930421805,219.97398344174695,625.3468874433745,55.043360930421805,-38.9566390695782,73.90460595307205,1827.569665681269,204.86991720873465
1.487179487,13.08307428,1.418930311074259,292.1783061697461,4485.74465646032,37.99812738176539,192.21092671154392,385.35272881186927,31.86655767268522,-62.29161719410024,81.34335507308394,1810.675152779207,191.9003719922249
1.205128205,6.72693485,-0.519436419507832,550.3519269888437,139.57711297463572,107.3254532804018,397.1790524173023,947.0277960067868,70.03551936693043,3.2627212818803315,47.060049414648134,2344.086205878284,143.01360119834493
1.333333333,5.734442572,0.6435016074825193,548.3094306539235,19.58210948929506,87.45271616149357,505.0299504813363,847.5651566819104,64.10701754520737,-14.583551800869063,60.87701914010553,2033.2858070782115,155.86795214951485
1.102564103,6.09437658,0.6930417427221829,560.3187297704955,29.77107166821441,104.4903534930698,560.3677651198025,984.7266865473304,69.07355302396047,2.3922827944558542,54.92644697603953,2136.691719551091,149.90192930138605
1.179487179,5.706474305,0.4770394145116804,560.1538698314348,24.695326565470346,104.22224909406148,560.4235954132104,982.7411985195764,69.03550842263878,2.1893782540734668,54.935544130300464,2136.062747020708,149.93818171295126
1.461538462,6.402995647,-0.9595013234139665,492.4731238827732,19.818878798113335,65.0113865040028,396.3372451301536,637.177267921843,56.87309773236914,-35.00558483485123,60.87802597901258,2111.4431024266646,160.96474422929035
1.692307692,5.751081157,-0.42209850460939613,490.1474981122814,13.259468257920137,64.38891349367222,395.18368827518503,632.63306633573,56.495189407816184,-35.61108650632779,61.371965699503875,2104.3142385932983,161.5579485492558
2,11.86439764,0.6615645900871592,444.64156270820285,3800.5753622562434,65.95261736303534,375.5178635930585,647.9363060678003,51.21460415962241,-34.942293628307475,65.37822579712044,1976.8438176987004,168.21051146878202
1.820512821,18.95545703,8.858466225592657,399.0488986114447,3727.5370585354926,36.141286441080766,169.85181592030477,485.344337358138,33.18355675080588,-63.95470357934699,152.09859838550557,860.4813334031204,235.2117672273059
1.923076923,17.9085264,6.939944209320136,370.4545527611196,11554.391193498104,31.604223503030223,154.9340391897562,440.17876961692855,30.549400838569852,-68.47527391966118,139.57151971250485,493.49079168727104,211.76273198533195
1.41025641,6.851442713,-1.9146877011752377,503.93460833974547,467.7258991139073,101.21505543627563,368.6256979760177,799.4178587909876,69.96956903110367,0.02828090152025554,31.36407401890241,2750.652349742519,120.25219901827116
2.051282051,17.51595198,9.554731466926167,357.06364854919985,469.22253115294393,30.248990050478888,82.10940681004612,421.63970849071825,30.78513661608539,-70.20202546229713,151.93127700483322,397.3217956185098,240.63502244168663
1.128205128,6.005168492,2.0840393492526887,590.3742898965428,146.55730172209294,386.8588458633345,1697.5467296215927,2560.8717450195268,92.9287904491422,73.8724464995,56.269020632560014,1009.5207108199976,131.2600007267356
1.820512821,11.49954226,6.526451269767237,557.9467999606081,31.195590230180443,123.8352082465044,911.7872338532352,993.5939436020388,77.08057827390185,18.94567715329153,107.7483866935411,64.12657083918457,178.61245675535457
2.384615385,12.52388725,1.9307660023685176,372.58313231252953,14498.082459814164,108.54117521447962,333.4974474906332,785.7744628240164,53.141070695853145,-21.780477631025224,68.1631584401886,870.2650298975519,173.1616859954012
1.794871795,9.293195029,-3.209248185704058,445.65418365428775,8320.134819965338,62.40259980809011,307.1532876809317,538.4579274889664,56.38292425747419,-37.58063717836691,26.43256631440245,1993.9293887811823,157.5362919489056
1.871794872,8.666204016,-2.440670221362339,403.50686448223667,861.9556318978088,52.320639833364666,152.47568731522705,469.7977627313582,49.10794639361116,-47.68299414888743,30.35332481650046,2140.7438334805665,158.1382951103451
1.564102564,10.84586773,1.4070600229174224,265.25101790765467,663.2816302441909,29.71877329577851,78.51597366017339,305.0106031923099,28.536133349602995,-70.28122670422147,70.0277703591285,1583.4812780210857,193.1738650198827
1.384615385,10.33916667,-1.0533213410338944,447.3691737186692,7168.387211252803,56.41247898992458,169.39759718933837,530.2348311269118,53.92221964260293,-43.61274621448241,37.21092590690088,1806.1178562439663,159.69907848652576
1.846153846,12.02929935,0.2982335177859543,397.9319895239606,10104.898306968227,48.246331469496866,156.605629280076,469.8746611406043,46.38940879123307,-51.77156322149151,55.141657454785225,1539.3765832531972,178.51261050989612
1.692307692,7.642396097,2.6741091552607386,667.6175183888726,62.29636134065176,209.1625722619683,1362.1669104434886,1924.32224521679,81.81361390713953,51.48393791652524,73.42910204756535,929.1473971565443,161.5428782695297
2,12.24746841,6.546260164567823,641.5275451664819,38.76235780782774,144.7463298252473,1152.781460624463,1353.244867016146,75.77160901323384,20.50690695558933,106.66202585495974,214.65393042212332,184.33388063364097
0.461538462,8.484653187,5.063156343269974,645.7537980526403,100.26638750097952,208.98031899336436,1304.649690717985,1866.1615124535856,79.97235294646978,47.85007768065715,93.9998296757358,345.9176670319797,166.0082548685155
0.743589744,8.446351446,5.144713029341594,645.739918102543,112.35029360905328,208.9163729905493,1304.5311213062996,1865.7448195792128,79.96725447169578,47.836845966515334,94.00902452077226,345.7473279182416,166.02057957212756
1.051282051,9.243450576,5.331814153907574,638.8505182349093,324.0098680559212,197.99948050547,1290.4479254804276,1782.987331947801,78.57620976171297,42.78128132314407,95.54023823033585,319.89991751087814,168.2599823666954
1.153846154,9.029348498,4.52781729401671,635.0769381180678,87.34027284901418,171.85725435687024,1215.95210863699,1565.3909299310346,77.99410592362948,37.09494637537894,99.11071493081842,265.4348394028146,174.10653738498584
1.743589744,12.31542053,6.491143266519642,612.9744787438091,80.56607395810492,111.85954076025902,1107.4255736349137,1089.2555607850882,72.9465749851222,9.870432219864188,111.04881419839504,108.26024519790208,191.01648685587264
2.051282051,12.53285173,4.433490035527763,647.0267699005291,28875.46596076933,176.0365130863423,1190.466837043382,1614.1078936952274,78.39410936921267,36.28595478123337,90.22067991941329,567.9711697788558,170.3714420847898
1.205128205,7.221250351,-4.469302596348183,429.0720823461075,1570.3740126909734,69.28314864831552,164.43758073493433,523.3591144477085,59.90074280858507,-31.162883191613577,5.0639478357324155,3038.698313936588,123.89052365265594
0.820512821,4.579644763,-5.220457649793379,486.537540128013,104.6489095534308,92.0842800404889,78.08250233676317,643.5351894514672,71.09904329702867,-10.90276276373578,1.831039246021369,3102.6778473855848,114.86216593876962
1.282051282,4.982707105,-4.1853293755674175,556.975399498666,66.10523109072889,224.5630767164753,997.0580259106924,1182.3353307146194,99.02547758567076,50.25345867069063,30.512630584573508,1661.222248655772,112.40514057057214
1.769230769,6.7832533,-2.5149855374557823,565.5354242444761,1278.3171476234338,229.28086791876683,1037.7153510413657,1213.4074353547303,99.3747395079134,50.76894912736693,33.98185915190953,1600.419881831118,116.25257605160422
1.794871795,7.31834246,-2.718379081805985,521.9350493056609,6289.12192802967,296.3636191608504,1105.7915262517593,1380.8215040941016,99.70316529921702,58.84686205175742,26.530260350752577,1769.455345607327,107.62464808045289
1.769230769,9.251623842,2.2485497916510715,725.5787542981948,194.21840600845096,155.9896073109576,1047.3811229106363,1157.1423414069443,98.63880557755556,35.30535109409053,75.99853329651843,716.3645176260209,166.66388912471163
1.794871795,8.599052233,3.9664572236905498,740.4583428601313,104.7872634602132,146.0723767237157,913.3699161619218,1127.4452106299982,97.03122700618964,31.041441491962143,80.70874245852072,579.1372813701055,172.67751545233108
1.58974359,4.596473603,-3.4854046729276913,503.62882780851834,247.0634420439704,254.9427745587469,949.9161359368416,1231.6034023362615,99.96292748262503,57.63397457286096,16.65831866471566,1909.375789526656,96.26146993126925
1.743589744,7.034258635,-0.38742474582582376,635.6833468443704,198.41138099250563,170.67335756244347,782.4665043787544,1078.343224336601,98.99252111044102,39.87166807472203,47.236853931738374,1272.0836447766255,133.25530163607917
1.307692308,5.277302022,-1.85584666824056,567.9730167394534,202.02980513697668,204.81811167372328,778.7255662993502,1119.277717191463,99.6561019252333,47.03092820956475,26.823404883738036,1699.593954260718,110.81279172606826
1.461538462,4.853534822,-1.9912972719822035,589.3957211983701,46.293409209112696,189.818816810117,754.9404062377192,1080.1972264477165,99.87340388301024,43.60878885885115,35.77135965717119,1573.469324457854,119.90618658147604
1.256410256,4.912867172,-5.370750420824528,457.26572690789095,725.4385905676179,302.5108596896431,900.3996642765686,1263.901736055105,99.45706706673816,59.79000223169299,6.466290197756699,2124.1378851027257,83.85204938086682
1.512820513,2.139704437,-5.793234485154539,367.12390590861816,72.42999609385342,397.4653799436057,630.7539720274214,1337.4749667966164,99.95192901307244,70.3499027507219,-18.202143866983025,2593.478040778875,56.016582571391545
1.307692308,5.901007442,-5.300860650939249,442.2666259995888,5091.089595147798,317.63112886628915,846.6183404469733,1245.917926841824,99.29371574535163,59.50200217983004,3.0951615335694833,2208.515843513016,80.86295793391108
1.461538462,4.459076804,-4.600721706868125,481.10693292406154,203.7934161765913,276.08932314518313,731.6872419505055,1201.8828609895113,98.99087814342016,55.94766801643668,9.057887565449096,2061.9137251504444,89.06061736055732
1.41025641,6.266718618,-4.984386978143996,457.5078284494104,5749.858404556139,304.4478876403511,834.9892926715484,1226.486164492106,99.02361545827064,57.22679547899009,6.898079414956205,2134.9494863351174,85.45516015993043
1.461538462,5.142473322,-2.987221982299458,530.1760367296655,341.4732471949888,215.65055727928265,675.8845641044273,1074.1674558863017,98.97466998683367,47.200585917079536,17.91124229914628,1927.5761140634493,100.63117842783322
1.487179487,5.06108888,-3.1519886142253086,568.2187341732626,61.59268157130722,192.5875829038304,740.0862769793307,1054.961483532244,98.02584443654618,42.11430036540119,27.799514322462414,1722.0957542717838,112.76188297600248
1.512820513,5.721732659,-3.141623989205395,526.9558739700474,851.7887602871058,231.4579420730688,697.8562426907564,1104.095508699092,98.66638255201384,47.10268227268062,18.663492178441313,1902.45457377875,101.45197739917356
1.461538462,6.704369559,-4.440814835288224,479.6458745454811,7204.316428596746,284.34130616582127,815.905335025901,1195.8415325137337,98.73670598439092,53.938339102415014,11.557130023762692,2043.4267065777424,91.45642822192175
1.743589744,5.309315501,-4.1721478461653625,492.1985190039683,610.1639621430497,267.30047782723665,688.5584679960909,1203.6418894374542,99.58027048313468,55.16294281062964,4.819789871070711,2121.9610312055947,86.36609368095802
1.717948718,5.487755546,-3.940921303414005,505.6424743907504,695.0407143890318,256.5419067644383,698.1546222725444,1185.5242940639787,99.27436798994069,52.8886415057629,8.641543442193989,2050.3074561643825,90.95631321101378
1.666666667,6.47016428,-0.4450312379438811,672.45483041662,271.37031995229205,155.165973517835,856.7216729779481,1053.9536413614896,98.53850382244843,34.15453174193476,49.554457726439985,1224.2534523749289,140.0234477784026
1.538461538,6.248846532,-1.6235523348323708,657.7694551397271,320.3301258423779,162.66674352130102,754.5658093531623,1071.5481734657624,98.0849140557402,35.17362559688054,43.7755883944059,1334.213355077688,134.33716667454925
1.461538462,7.113656276,-3.897421674814444,506.5212737746117,9278.986838662508,264.4742688839622,802.9049356522862,1174.8072736023958,98.59385746673952,50.95587454734384,16.20946325751358,1939.43869059921,97.7880676415532
1.538461538,6.131894833,-1.7428813188458372,667.4116186257,152.79465387035555,167.40143297307145,772.6212019214203,1118.7536076753993,98.99687434884568,38.09002968873279,41.85127436377583,1338.0485355751694,132.8153281933874
1.641025641,6.767909997,-1.1764538647718525,681.5468337177302,147.20152502375427,157.20561828575285,788.3477506068724,1087.165713312525,97.9383269090793,34.606578655585835,47.71558303912167,1241.1602643097615,139.69755321196487
1.564102564,6.851698259,-1.0351994525922215,691.1653496245672,686.9910270688364,160.5273763787039,829.0605083873155,1120.160826360292,98.4727409387801,36.10325474919578,49.11298274368901,1195.9967470634217,140.87752439238142
1.512820513,5.177808902,-3.785648338486874,545.6171621117255,589.1386246402877,242.4141016547705,653.9906491469178,1210.5605207735568,99.29506453538298,51.51165522521711,13.22898654466196,1911.6814655687851,98.1618461577966
1.794871795,5.551477815,-2.796271523471164,567.4186659321648,240.96171705088292,242.4462553062993,783.9874675841145,1304.4172458321204,99.99771563265575,55.29562491216251,14.493377004173404,1851.4053421624017,100.34637962078786
1.846153846,5.84542825,-2.831701628211846,560.9706760546296,222.24063612686925,249.4947091890708,772.8109965615964,1331.7265473639573,99.99740877777606,57.4474035349725,14.103529575833202,1868.8790348196817,99.379714535712
1.538461538,6.385478096,-2.6952953257287415,586.4762147482124,2139.6868910670464,229.6591117026655,744.5315594652301,1254.220703782892,99.54693012313297,51.12996685280736,20.866047014239065,1744.965333918042,107.60469756856752
1.769230769,5.653829683,-2.541904852389919,615.1234775818017,143.59033355930237,224.50560153828135,772.988617267074,1350.167734458027,100,54.06931450587941,25.806204898579217,1616.9463746523238,113.76656700085664
1.538461538,6.807624263,-0.7693023813773869,695.1655104240574,170.82473731052315,212.9716859403863,889.8137987773974,1456.7267718220846,100,51.98218569204994,44.052932190257245,1204.0829379624863,136.0512568420457
1.615384615,6.818013199,-0.5271862625983443,698.4815578506169,394.2399666473113,211.16822778372585,874.1136369257587,1443.573711843853,100,51.13540686529605,45.68444890433479,1182.3257435620983,137.53488044396593
1.666666667,6.950566554,-2.033990395411909,622.3429036142694,3547.308341088614,222.32617176296233,775.6873259321777,1307.705878081609,99.70822255283012,50.938054319940946,28.70089649176674,1570.777290461398,117.03348220969778
1.794871795,7.387173547,-1.5705294231680937,639.4790571506794,4393.861509197647,216.74001233343031,788.7839898009659,1313.400140557493,99.7062758410608,49.91953384617672,33.130636933727146,1480.34843177033,122.07022427503588
1.435897436,6.205000702,-1.382236156936359,640.8499537579291,150.50604717175503,189.66709159730556,804.1326995340961,1199.1072992009908,99.97238764886184,45.84784527145904,32.2785979029245,1514.8202190864208,121.3207508422698
1.58974359,7.627573715,-0.5818557354016595,695.4002365720938,1142.2287005323674,178.06205817149163,848.0732842040138,1222.209580678096,99.29003903614355,41.75084701730207,48.30360345874126,1192.4225373459722,139.36114177389825
1.794871795,7.934153328,-0.9055425997262961,663.9726125166183,6098.704152985915,202.956282641825,799.1139711114932,1285.8378793502532,99.43290583281808,46.64724436255555,40.3764045301476,1341.0062684518089,130.22273731562674
1.743589744,11.56299916,3.475337763267249,788.7881990054627,67.20732745147131,146.67806260146477,699.3316324629368,1206.7840267715894,97.92737242090152,31.821379023985877,80.27274274956487,542.7225889006664,174.3473090643392
1.717948718,10.16307357,3.5420890746850775,788.2864936148403,135.10094277309588,146.83641183703162,696.077917844921,1207.3373618938326,97.93745084832892,31.9006088756092,80.12426903281228,544.1876958770306,174.19168002907722
1.769230769,9.74281171,3.9215739125260796,781.1950606524498,442.6098633291137,148.03251636044806,662.994738189974,1211.826891052887,97.3114749827007,32.15547993835345,78.86110447446373,547.4649288332726,173.55010070704836
1.948717949,10.45515305,4.7640076890447425,762.7567762151982,313.4088154079064,141.766658315784,587.4930148879266,1167.137799819397,95.1503043815329,28.883899040395033,80.66931532091955,496.3316211559337,175.67650954863578
1.974358974,11.07464827,5.41665238646375,724.0179018725329,340.9615440361654,125.81324419163587,513.9862411307028,1057.546122527938,90.00963072170367,20.17704848819792,82.74975722098743,426.68753248368074,179.74236968869175
2.179487179,8.65666105,4.450635910487696,692.7766589710297,200.02833202835976,127.688212957219,450.7899815570991,1015.5591110890066,91.0003346975765,21.234555290691528,72.64550291843165,583.9697867868871,169.6294014896228
2.205128205,7.772768885,3.61454467457836,669.9423774798266,252.6339479756876,143.71371932554604,418.5043470374365,1057.8464416141903,93.66620367159908,29.023810218184916,61.97954095180323,767.9607848346797,156.31603796095908
1.461538462,6.921128896,-0.3543629666737684,658.7939965424529,328.0995154538325,237.05329131791643,1023.238330058366,1513.81975859689,100,55.67262959864471,36.44832251030162,1302.1282796745495,127.27976381978768
1.615384615,7.496536787,-0.5366548816604959,653.8507109895978,641.7489981226073,240.2440135299316,1000.4081033972228,1514.405152822731,100,56.13413539924612,35.218352107200175,1342.985970250652,125.80767526128297
1.641025641,7.743273659,-0.39318538736010106,667.7076640353199,746.9648477412056,234.30237210961357,1005.6282453052672,1508.055889903984,100,55.05041973337482,38.537275221104615,1282.7652360226912,129.59183638945723
1.615384615,8.245102499,0.23089652419093246,692.8826247687813,1250.9153123775704,222.53165254099827,1008.4323805390012,1493.3917003389265,99.9972617620502,52.88977681915356,44.600307208145274,1166.590593508629,136.5406196448123
1.487179487,10.65839792,2.747715071564162,790.2012325725149,466.36567191989013,173.08025215889862,882.8369690031268,1369.52184742484,99.76408384024212,41.55673937666381,70.99442126471985,695.338270807658,165.65239007897807
1.820512821,9.526387251,3.803268688543784,794.3705056705907,441.4009618185029,160.65249246725048,762.2416343322689,1302.7933993624313,98.57665318695122,37.230312441728934,75.03948271301049,602.6216672730112,170.07579142952537
1.743589744,10.89252387,3.312657480503876,792.606037938468,952.3273568062604,166.84373975476885,828.31682958251,1336.6649537287776,99.17448584952386,39.37685641065791,73.06059871661961,647.3574704616333,167.95646505961815
1.692307692,10.96520991,3.5346517185187745,791.2646233986222,1256.305070169536,163.74137087211588,832.2128432131768,1318.6294212871644,98.76766247277958,38.0762383366139,73.89853420124481,623.4264105495184,169.17903293373587
1.58974359,10.10518253,2.0323835079011365,744.4452899356335,2763.1643354803477,190.9189373544333,924.7762365656374,1397.747189534209,99.25360454003616,44.83233448132456,60.16681158364092,875.476542873086,153.94042707101133
1.948717949,7.835837546,1.558947506818605,725.5464253749133,312.97187133122014,190.33413765385265,967.0292742810406,1357.775378433903,99.4565123735642,44.797538207835586,54.24093964275512,940.2789978566198,149.26176244653706
1.923076923,8.467179163,2.2274227112807843,738.7096775014351,433.4880926934887,178.0083128664959,937.9294076637916,1311.6191974273531,98.5722609616419,40.72511023165611,60.35543550528263,829.2007421401478,155.8974221974798
1.538461538,10.20308621,2.243973677593709,745.0303257317405,3410.248084377922,185.61963521832072,915.5139744925992,1369.2629137621484,98.80174328111892,43.01180643852356,61.55575875530515,841.9997498998987,155.7845316491616
1.871794872,9.03151011,3.2304748167469928,747.018055402955,38.52802179595538,129.4585767895003,782.5292334335061,1067.4391633602706,93.0643707376241,21.20634206449677,77.81767580406152,490.43173755397896,174.8071064944809
1.717948718,10.08350393,3.654375346688394,746.8556313862454,144.63155537471008,129.06444284740948,780.7929787220032,1065.2022792038292,93.00295400768157,21.009467396740515,77.96951602334038,487.64473729715434,174.9843027457943
1.897435897,10.83638304,4.2317572327116455,738.7441363670292,361.97865366059943,122.86299834194006,743.2721243066434,1024.7858183538683,91.38608811986094,17.096624498594647,80.56805152422291,443.4657412698991,178.2386857844464
1.948717949,10.2567109,4.634274751871877,685.6069946016997,255.27770466248097,116.44103500150932,457.98219791800153,928.2461630652496,89.31315335285268,12.74402622439437,74.34378258629823,547.0541546755395,172.7048773488979
1.743589744,6.244342881,-1.7787632845234462,629.8155765558267,650.0455123146596,236.99757126766417,822.9482733077732,1453.4396828624986,100,56.27923259114064,28.9873865691106,1505.1515754596576,118.1244105933326
1.769230769,6.468503229,-1.060625200335508,624.1740866656187,190.59944296095432,235.42926668778935,706.7426892184734,1436.731927413283,100,55.87044717729312,27.301235889394057,1458.4117680925613,118.34552008577973
1.615384615,6.780033698,-0.781317598238775,628.6973022518262,157.9247764842425,229.50332199040653,709.1448353249417,1415.0936079351748,100.00000000000004,54.86729156826715,29.17407246032894,1421.097539412256,120.23927559604996
1.666666667,6.916653328,-1.0877383152815445,638.6210879096943,2115.5905405638405,232.89265668428752,809.3809225678343,1444.9781926790963,99.99887209402598,55.11570716837463,31.079216428077615,1418.6592296725748,121.75926808279996
1.58974359,6.902891744,-0.9092722086905783,643.8434068548888,366.48546163579977,209.91908339913448,681.2094460780851,1322.1806837283082,99.9936464131782,50.103046683559015,33.076833995280545,1315.3115906461903,126.50533926808158
1.615384615,7.056245437,-0.969999078696586,642.4042336435053,2634.0074722892364,226.86545451951488,789.2486667153908,1417.4870300324526,99.94699500989864,53.70272399633334,32.17844630417384,1383.8199057104644,123.53456775936654
1.743589744,8.00826032,0.21783386212310532,661.3494585445294,4987.623551732376,195.652594355854,773.6926818011403,1276.5004050865955,98.76996180335338,44.81645176812281,40.55489089938819,1193.252223207244,134.0027952282237
1.538461538,6.089492418,-0.5474306767165514,660.000249834651,25.20291435832871,222,891.9985634507577,1413.001311631917,100,52.000062458662704,37,1256.0001249173254,129.0000624586627
1.897435897,8.053189413,1.3150739250020633,705.6455186349712,899.364796023268,178.14507688190406,840.9178804336216,1255.3307416051798,98.02429222833575,40.04480168371998,53.07105388169463,941.0704863568932,148.21485555787822
1.769230769,8.149661612,0.4102443565367437,668.3583999824308,5908.979791219096,192.72868415260533,783.8507142883293,1272.3558523201923,98.6346835741942,43.994373238325686,42.591803422720325,1152.344306995131,136.31590305095867
1.974358974,9.231602078,4.109418503995194,672.7322933558405,600.7089820537483,123.23777586597156,397.32599986988066,935.8929241206312,91.49880424625826,17.720086010814285,66.44581823266792,680.117416850249,162.9904894610333
2.076923077,9.08789385,4.127530177485264,669.1187911176258,301.4362925525657,121.36254677232954,450.85242520326926,919.7199382459632,91.14523960815588,16.42729162446035,65.84721095974744,682.5795475049229,162.4862152622255
1.769230769,8.326781803,4.385538473054754,663.740478899934,164.64263946381035,120.59330134805542,506.15034168767033,904.1180908395094,91.84403621301198,15.682080629096482,64.2773257886562,706.1082552958344,160.32087099244177
1.794871795,8.127754844,2.394601776196207,682.3354517297014,505.61428189053834,148.10078543225322,767.1450139156344,1050.1968872295756,96.57842119121372,29.889989485631595,52.80814891679541,912.3714509749828,149.40612669789613
2.102564103,9.800697136,3.2961376273749954,690.0037221156806,1113.7180745124983,128.57484286178646,735.2826403435347,974.2165868389,92.616230048829,18.8554222562961,65.6246217530441,687.9628986793394,163.52445616875548
1.846153846,8.135008425,2.809066412540475,673.1269768773549,323.1788658683382,132.90824124024135,701.8374541991071,964.6799369588718,94.37918873188111,22.342161887812747,57.180775487090905,831.5113660759961,154.34319767568297
2,9.220115136,3.4789526699564877,672.0623708713555,597.2963826430214,119.50048683792794,683.6343151719885,908.6193523288764,90.64902563187016,13.209013718931365,66.544203010068955,663.7460730878968,164.5846894910561
1.641025641,10.50172072,4.790546313730684,643.9494785355212,285.10266023643135,92.91648745233178,602.8838033653799,774.1687525739528,80.6227279335719,-7.540463425408092,83.00851865829677,370.7920046291625,182.44517638720023
1.846153846,8.92028082,3.7581560112168693,660.5631180471755,288.7021138867532,113.1898135451715,633.3546281423367,863.334374823854,89.28525327025511,9.327940568457596,67.75931857224651,648.5784143276354,164.78348991103812
2,10.37117313,2.9633669609079445,643.2817959781543,95553.28187977608,146.17698869381638,585.1223397324364,992.0306808967914,91.93720556647206,22.06142911390623,64.19758032072158,826.8349629634616,156.18738772940424
1.974358974,9.196405504,3.7347484169896026,647.9926603307629,727.2606389939612,113.52693153607316,608.3172689340912,852.2189240483232,89.26101326416963,9.640518454830266,65.86191217157787,690.9134515240204,163.03579960793823
2.051282051,12.15533909,3.923286346859219,642.2964671232238,825.58786473186,110.17719190921112,592.9586958628086,835.8467806207075,87.5985369543176,6.751963682243922,68.22630011140413,648.9206155697041,165.50231739653722
1.820512821,8.371727745,3.863629110116871,649.34313352649,620.5278740045856,120.37916736900374,326.3671029544805,886.5488807457356,91.47913206572944,16.071752129613625,62.22482410562743,748.8060173146109,157.2945171687611
1.871794872,8.797738697,4.117123210895948,639.376647918525,1147.6656183538446,111.81314796182096,306.5499413420922,838.4410622459445,88.7029163783723,9.245641710496743,66.25250147795803,674.2099838066671,161.6281844735255
1.692307692,8.932710615,3.965638472862816,636.7488899189872,304.84923965320434,110.3295600934266,374.6188856665242,828.9233994580386,87.74910366902306,8.403634312689327,66.48401658801983,666.8020264198518,162.2077407214559
2,10.48293878,3.089643839455203,640.5862185273295,101101.2311900538,143.23136630982293,572.1318592788447,977.921925075656,91.17183979622502,20.37506656566045,65.04443729002027,806.3400561974003,157.32422161058096
1.871794872,11.0868141,5.50526511465429,597.8283061509553,306.6555797902542,87.29729647818381,356.12997678742715,711.6655020069325,77.02784507481378,-13.388266571710032,83.3955244509359,419.5839071182845,181.7682092162962
1.615384615,8.983989048,4.537483421337003,631.1024567714114,186.04859155801347,100.02637933087472,457.8952056599274,779.0726832001905,84.49152665316427,-0.8735645090958477,72.86007659335414,588.0477547238402,170.8587714085512
1.615384615,9.731733361,4.7538366912923395,624.769933434948,288.66067825382174,96.98659266924729,431.1438639634176,763.879361279393,82.8447036513704,-3.6107918701138786,75.48290583263729,547.987166415515,173.53780158876194
1.974358974,11.47076383,5.557172634985346,585.1124845525111,1116.9106971702388,84.66706520740765,337.8040519002094,698.8620795920987,74.66725315172846,-15.58750966162456,86.16502211401588,379.04062659718966,184.9940897994253
1.538461538,9.430980764,4.1561672626348125,639.6632472330178,281.4673333397149,109.07618645171566,505.83244123490925,823.5212045288865,87.75485781076145,6.514178234498483,67.59144752431853,686.8484583049334,164.60278085942522
1.666666667,10.34776116,4.390468137297241,629.2038762907376,328.06496773169357,104.79486618589088,472.74849096919246,801.9167045170825,85.2897791538815,2.5682707263028433,71.02527264501047,629.9939978140279,168.41609474811335
1.794871795,10.74103272,5.1632497826299755,595.5640436049674,545.2917260456403,92.32548663309376,368.1094851826585,737.6902207856477,77.77661856294412,-9.01410451181233,81.1664493564805,461.3496606418463,179.60671875032642
2,10.6045549,3.1622215120508406,639.00511293339,103579.39843244926,141.7911160820274,565.9671425321229,971.0092767776964,90.73515790649724,19.471862145560163,65.59296004639657,795.442788803402,158.0342035926753
1.717948718,8.357257091,3.891189613839513,645.3623185919237,269.6535122271555,116.75290092254733,234.2851831464621,867.6057354182141,89.88086205331673,13.26249723410331,65.04374911753405,700.7704621597533,160.4776466020896
1.615384615,9.21477394,4.509200270249002,628.0221345500356,173.31475076604062,100.98831056266498,212.24269681433412,775.0092907210436,85.9699551658291,0.9859932503124484,71.99498836695173,575.8677755841289,167.99103774948532
1.717948718,8.510562342,4.279690998673707,610.1714376181088,155.957399322129,97.03944468963478,164.25742754280884,739.334747830162,83.99281876115904,-2.960555310365234,72.00249018097858,572.7938846414022,167.02034311035075
1.923076923,8.966299495,4.577793996556628,591.9523270111375,2380.048444261566,92.3680333190986,160.58848466389006,708.8034720398648,80.71229984185808,-7.632135427219888,74.11060720748088,526.3632227384978,169.5153702461936
1.974358974,12.26133319,4.9338452325427395,534.2304028427546,12576.549263875337,81.79226198299155,143.8600041481911,632.2216783382353,72.54504439506331,-18.22696281869764,78.70337859658473,422.3056862002794,174.04861667258527
2,10.69184709,3.615282408287124,619.173413740147,130852.58325985384,129.53797980935232,482.54380646428535,903.7148131364004,87.07660358409133,11.821697180837871,68.6996840583023,708.2321535911635,161.7461879051207
1.641025641,6.888951839,2.762235561927904,644.2074982261606,251.07128226197815,138.07630327504123,656.168183160097,948.7349810383504,94.2086190208106,24.59932203779461,51.66406301644321,961.7526047043632,146.43110919842545
1.846153846,8.347307638,2.6724725096496935,642.5725698162098,469.4909163525899,137.44010706939713,624.7005477853888,944.9436145692388,93.82836820293772,23.45148291923637,52.354226920484514,951.2973882183136,147.41561909052436
1.461538462,8.746875878,3.1096740121420114,640.8719161497731,714.5951126825239,129.1208822935538,576.4007612864742,908.9039404456648,91.91981830635376,18.153944908879343,57.2157409157264,866.9270490604264,153.10308359642585
1.948717949,9.368360713,3.7396409028005704,640.3060150658522,410.835239137753,116.39512812793237,346.94480587416547,855.39406869652,89.53405402748442,10.665317022097248,64.0920675830888,757.4994684882329,161.0619229001797
2.333333333,10.77776327,4.50070063205253,609.9883226304473,1963.571505401537,105.29430969405098,378.8603233279113,797.8666226727863,82.5653718606257,0.03425861528726735,72.93915936044267,600.4367958008493,170.76188320250992
2.282051282,10.74997122,4.677852384160491,604.3540162648324,2112.137782372942,102.8399705215344,359.7795083371944,785.5982335404773,81.28773433718709,-2.0500922865903575,74.75205650372129,568.6749347723837,172.8103122949555
1.948717949,12.35248175,6.021659843263257,554.8630832993116,381.9013254915905,76.2835077833171,180.59586002334748,654.4032201326083,68.42948700972318,-23.716492216682884,93.31585184824688,262.3166555108728,192.73288668165668
1.641025641,9.358673126,2.835556572828075,687.3625135743558,301.03414859103964,128.08882030676392,382.1634289562576,958.0510417726,93.9349987045714,19.823692832224307,60.86854974980981,769.5999503821835,160.55707160170186
1.846153846,11.12570767,4.298228179984299,691.6212342531335,987.5950133887554,109.78308176509952,302.43536394756245,889.7062107418393,89.1123124940663,6.982417072752541,77.56038821072364,500.72829644935575,178.33501772161222
1.871794872,8.79992137,3.160767119448907,659.9093765221351,285.0343806777242,126.85969141761085,364.34053112617255,920.1812346175236,93.27630548057682,18.47899321692051,58.791051877049114,837.2971929414708,155.93817163310953
1.923076923,10.45094777,4.23477498123804,662.09066688672,919.4523306555564,108.105206790911,288.6616862795545,848.4835257646346,87.75284931493442,4.731622603301997,73.39284461645512,577.9394236190119,172.56934214362678
1.871794872,8.044931199,2.5799953359014665,664.0608627696981,408.6062584037216,143.1199568431252,441.294899626201,995.22584710761,96.37229720402674,28.47442925378223,49.50005000504316,989.1433993662608,145.98984202268443
1.923076923,10.62199944,4.108537411636446,667.8903619840476,1948.3308843154812,112.68979980195856,309.853956090624,874.182860256415,88.85934508093193,7.852326123806417,71.69009784407052,606.2425761546273,170.90628973317925
2,10.95883038,4.957236070564164,625.969563571803,665.4368206607305,94.3184635872971,196.59765677002656,765.5849970026707,81.20547623683214,-6.538577712837009,80.46185603230506,468.8489559244612,178.96665450418035
1.717948718,11.14357694,5.272420897464688,630.9486227426905,87.27152832238257,87.57021679335068,181.94246068673831,748.6325313399901,78.30101336278685,-12.484600194479414,89.47505501583069,315.61100530006996,189.43836357502104
2.102564103,11.98378826,5.583333582853008,632.9394295155176,315.18776205310803,87.40118830283552,179.527002964245,749.938985957193,78.33868265796686,-12.61398983185729,90.48771457514609,302.55852677208156,190.17918439800567
2.025641026,12.15166807,5.7018151404699795,626.7859691930537,398.9198481086612,86.25767662387194,174.13165690879666,742.3019371412583,77.42228174240918,-13.75431566562841,91.22005038418934,291.18060489301047,190.97147395863468
1.743589744,9.796338107,5.0325237763459185,628.1532470930326,264.43591296429565,96.56082767115257,189.32166335774747,767.4901585354894,83.15241184513019,-3.94393294711786,75.86330547044089,550.6550300814382,174.32984109109208
1.846153846,5.584398343,-2.3880679883531895,578.2372833074696,364.2305572000117,249.38206286187489,758.5305566734959,1403.53776807147,100,58.46992669533507,17.34237099043631,1754.5751699069258,104.1665297890069
1.666666667,5.541642797,-1.6992564697572556,581.8663562942553,76.32695127264034,253.77608704694967,772.0557174453371,1441.541076945026,100,58.957650735261005,18.19129787085945,1720.845467468288,105.24435318183932
1.717948718,5.944526116,-1.5688539177467988,580.7701829295534,378.0832826657629,256.43674856134265,764.158888107254,1448.465841654902,100,59.34550872687686,17.805514611322423,1720.6800016217787,105.30200281534324
1.897435897,5.900124965,-1.798247757681847,586.9763909358185,953.8611294425737,248.1960177136341,749.2686291903689,1420.133391331089,100,58.30648967852551,19.27600969001395,1701.742422881007,106.97091118120342
1.717948718,7.058192221,-1.1172477979888715,612.991245483841,2357.176108785665,232.03988363401345,660.8607975539198,1386.8225549666356,99.99029913525295,55.211108034618455,25.211917957658677,1553.3663897015283,115.27659850870032
1.743589744,7.369588599,-0.9899098658159965,618.1262027859516,2949.336282097154,227.66211875785788,641.2275171298281,1372.437890394018,99.89600040505329,54.11327213369732,26.586414141085942,1512.5201736173974,117.2244225523264
2,8.072960545,2.0778413861009866,650.8548635457365,724.8040623065012,154.2718540648092,632.614343807191,1028.516151168625,97.8162987081282,32.968469674107105,43.77866148580312,1092.392263609231,139.00618456540937
1.897435897,8.719080315,0.264710566774344,640.5804913113295,6197.239132708636,195.97218176326092,609.1943235453283,1237.2684467811057,98.97964083450331,45.08777275706531,35.13828261257415,1301.3530105001405,128.58281572887944
1.923076923,9.237959141,0.514683253966883,646.2969054413207,6970.799406245012,189.1054185987763,592.5189479978848,1210.309146406143,98.51159371360056,42.61218408047335,37.78722967156891,1245.8500623268817,131.94265124064793
1.974358974,9.64566765,0.6755898549139061,648.7927809299465,7278.618297764243,185.52323110215357,582.9637998334173,1196.3282817838617,98.079853652888,40.96997077612709,39.61750394412158,1210.1913360384644,134.18481083569338
1.897435897,9.290247122,1.512317615513214,693.7050965739382,210.32077095622031,148.34660692372282,460.2890844187205,1075.3166139663767,96.34757027102756,30.41078594708045,53.658786010057945,906.2783277057956,153.29046676453058
1.871794872,10.15541632,2.2006888278525376,697.4109176722166,765.3942538888041,141.38936591559917,445.01391652028013,1046.6861710305286,95.18067030955233,25.7685681299418,58.93106032878181,816.7369214146356,159.10807212315643
1.974358974,10.63711317,3.8579966641138883,713.4029417919697,1102.541511781774,127.35948808157409,413.3671732048609,1009.1943003632368,92.30348926248256,18.08589337008088,72.94189013706591,593.5933571734435,174.8315528015119
1.435897436,5.405240101,-3.2693185809624166,582.5420677762756,158.09992801456394,177.29887942024575,585.1021423501772,1019.6236939219824,98.01659855989976,38.09676506111443,24.88552204575787,1803.3669253899889,112.83317977654444
1.538461538,5.877377843,-3.1400919575970105,573.6773091821677,662.1447992687795,195.47003061060877,634.2529914713971,1088.5830032310273,98.53266766769096,43.37208276833355,21.377224487843275,1842.5471407026744,108.2395021161479
1.692307692,4.244915754,-4.048586624593811,486.159943594201,267.6181534376008,269.8417856801267,590.6088903383098,1229.0588461274112,99.606553617581,58.365964322714674,-1.1698669068886436,2217.31961935967,80.71890684657907
1.923076923,5.158242067,-3.5512313220128178,502.893242925884,1195.1157016518462,272.4664630064583,653.3067779519314,1250.5505271293978,99.36599012762191,56.54350981004719,2.475417123730339,2135.543725061875,85.62556800936702
1.794871795,6.898298933,-2.564193062969169,561.26587619115,2551.960997389098,229.71678932278095,687.2206901533013,1196.2571192783464,98.88423245802316,49.50383583036145,17.614375258028016,1869.7956870588891,103.63177862146544
1.897435897,8.166753721,-1.2258913898437815,601.7535874881011,1033.1251008930078,234.48251174701548,738.7445110442166,1351.292436381881,99.8675228480338,54.92096864658945,24.294381203833172,1651.091013797549,112.11504369240916
1.974358974,7.880119348,-2.1269632495906916,572.1422234548482,4776.104081605697,234.01565064448303,720.3452708379006,1252.8643747882222,99.19059676499536,51.77053417200845,19.060129531394015,1810.9005153939277,105.51919047720214
1.769230769,7.811131003,-0.4428100138003574,676.0437774261338,905.5491537605466,172.65077813441818,839.215735123385,1178.8617239534751,98.43826979803566,40.67625623409785,46.787327475523966,1345.9300073725087,137.71710037981768
2.128205128,7.510664841,1.8176583154350952,703.3039529434659,187.63384053343216,185.37101695159237,1015.1075573792752,1312.7156238868815,99.02959906686266,46.02563069616904,54.69658132296581,1190.015198141439,146.69124809068919
2,8.489941028,0.4090928232383431,690.50831267378,1304.645171632683,174.35175222544683,872.3950888156144,1218.5295688659448,98.4128286748808,41.55441228054916,50.9744410662891,1256.8737562374831,142.6370003948294
1.820512821,7.750002106,0.21269819059848252,688.8970506556243,469.84208049203846,183.20576188031927,518.3243023981397,1257.7737786766656,99.52942040955594,44.13247111274271,43.65653616955072,1153.3291136839578,139.13199961074702
1.846153846,7.918055322,0.11230464049013342,685.0688589138036,1064.8258960396695,186.18816794757,558.102157960042,1267.745503254265,99.4354440374791,44.562292666377985,43.50238394910578,1184.3941266702311,138.5475096258006
1.846153846,8.005478798,2.446703653159975,738.1500956689468,89.30569334758177,146.99575059104848,576.6505328951218,1149.3698869082325,96.12804672625234,30.62134267824311,65.20085694460234,765.8884095458026,165.82331846291308
1.769230769,8.78521904,2.909100980612321,735.3991811504459,365.45282353880503,147.8729156557603,552.0901769764663,1147.9884066919935,96.3234524545922,31.318597732959876,62.892068596183506,790.5520952329696,163.519422768245
1.897435897,10.63225007,3.530834317016666,739.8442225672749,814.4323630030256,138.76002049119677,578.028785665023,1111.790794762409,94.84320740541614,26.5557330965445,69.40191511784276,676.3127781216368,171.44889039767045
2.102564103,9.911525555,1.7668392191185813,705.7705503669185,2547.375117399334,164.2543047544068,544.8372009966322,1187.5528344972429,97.2541217648957,36.04224304779419,54.345509962570354,959.3957020254538,152.76272738402096
1.948717949,9.930796125,0.2968491231302819,649.5367706667924,11017.628443876123,194.57170358133328,680.2422064696079,1221.6288545558778,98.10071308038088,43.240766003440704,40.47694547923927,1346.4929049008724,132.80451361293015
1.769230769,7.840433867,0.4743987631501667,665.3656209871853,377.1707662308215,182.7463273784755,450.5367160125029,1211.6930926604005,99.5747445560226,43.273363015522264,39.11044407362499,1215.4037302648965,134.788422950533
1.846153846,9.102317467,1.0859401613432604,675.0019791414244,713.7324995902454,173.83078797111952,445.23817660790263,1182.160041647118,98.44822596816782,39.592113292562146,44.58084152965608,1116.0836774756665,141.47874932185564
1.923076923,9.503539736,1.6589245510085393,683.7675799170468,950.9267690070956,166.61630564519194,443.92956247021783,1160.0983788142823,97.61635049207598,36.55292867356785,49.21757522374703,1030.6276141822837,147.11132698291104
2.205128205,10.44869348,4.057600657196435,662.5182970537329,11267.718346337932,127.6048305706089,532.3441950573921,943.6351894216014,92.17283772692606,19.618037512984095,74.402517614196,698.7310301256938,164.9126592457043
2.179487179,10.54351516,4.352577845340028,650.7750785245046,14980.750354518772,121.27933868953144,482.69026604667346,901.8901479358108,90.45944649372576,15.183898199103476,76.0203288216308,646.7771409987711,166.8596882459978
2.230769231,10.88750281,3.8492297519582497,647.897535102275,20101.53116441179,127.97781773077502,512.5801709627141,921.614205964021,91.5016243803704,17.921985670490468,72.93149278965129,714.3556927779688,163.19871856166662
2.205128205,11.12370893,4.070198905568319,645.753112348277,22927.98347624214,124.87196318896648,490.0621651950868,905.7876169074876,90.8039017583816,15.996225645485548,73.9854882791415,680.933234312151,164.6069364824995
2.025641026,10.84024923,4.433791681781801,620.6412912915338,37504.202194739744,114.91610495152212,419.3277318023144,840.690660951943,87.65270494274094,9.04816232612994,74.42085378598915,610.0885995865456,166.34625582980382
2.025641026,11.46928461,4.257826146207013,630.1850928317252,47398.462384309234,117.88939836141132,451.71702845312177,861.4301564461522,88.7234779222297,11.21208782553788,73.98875169728052,630.664102102438,165.9801874290185
1.871794872,6.924667228,-0.13169245356534823,648.236710975973,945.0161917897752,167.98182467585096,863.6594394673241,1086.6973794515914,98.68137855839876,37.94732431388984,49.85218266019556,1184.5274390295824,136.26676248056722
1.897435897,8.707077366,2.2958298160656123,668.2192154661133,2227.188754183216,146.36033321901257,742.0350485055177,1020.4851016874298,96.0499628335664,29.014733712764155,63.06052279430118,889.0114777244793,152.42945536087743
1.974358974,10.32984485,4.382538190905584,663.647599578872,944.3101687295056,120.27577926449068,499.4604950356064,900.8779990657174,91.83048671103946,16.114911162110985,77.25968832524815,595.3603642112197,168.97246442876653
1.948717949,11.0633228,5.170692225158877,596.3949037543624,1562.3314360978995,97.4692113778556,296.4557386792759,738.3033432640115,83.34011766334586,-2.6145226349580644,80.3318150622359,474.55490339958266,171.76913459352775
2.025641026,9.792387672,0.15441463644023717,623.9782267773877,2626.72381459552,175.28270091973465,728.5250076294118,1069.0565332765834,98.29675086625954,37.889907621121765,50.86343418187602,1215.0906007686367,136.89339737505017
1.846153846,9.920317327,2.504261201034163,689.9732485101208,659.7824529693128,141.9364099228377,704.7710007561444,1019.5929723185238,97.52090463694024,29.24600915897462,67.16250102174742,830.135677456283,155.59974193328668
1.974358974,10.69238978,5.500901361033856,620.6878693973956,371.58152908875815,100.98717986889206,327.5749360464464,776.7031594881869,85.10914023113185,0.9871798688920584,78.89085976886814,446.5039622365318,172.50641006555395
2.051282051,9.676835861,4.380847983017307,547.3027304138336,1989.2041206196277,93.96746761621058,289.27231451144957,676.9129055386992,80.68769042876072,-6.17016248152974,72.92818068917987,513.2435210415678,165.27472490082926
2.102564103,10.60637391,4.626849718138737,554.8148493865518,5367.484496164714,94.00122351178813,294.6111392194192,686.1343307283066,80.80379356807543,-6.257560284134737,73.78299015215433,503.83626377608533,167.21493924680289
1.897435897,9.539003791,4.282202260648252,566.8752597071201,397.19042049374906,103.66255360246954,325.09699148202526,739.938247042808,84.33529160864605,2.5847466907046734,67.77813336376639,585.1053075217728,162.32312895361096
1.923076923,9.879754283,4.477663920030864,562.8933984559395,819.1115605531195,99.33882910881688,315.57294188239916,717.7050034868078,82.95129061473916,-1.2653135450104402,70.10373953382177,548.9291980350076,164.54560005867762
2.076923077,9.994081719,4.923057863612546,563.3931479427353,1076.3853598649894,91.63677669624036,289.42220503966223,686.2187319398231,80.11416193450594,-8.529211616241831,77.96945920906029,464.622069010747,171.36696044931418
2.205128205,10.01595689,4.069921938729484,594.91114995926,2608.3068296828997,114.71494436445714,364.8961577600719,830.9585404802177,86.1640457236781,9.42198313061518,68.23938387969964,595.3784138818411,163.0622141736097
1.974358974,10.7467453,5.49268364168207,609.1814494818177,403.55554628786786,97.3890930167185,327.55225679765095,754.8316967457556,83.18641615962547,-2.610906983281484,80.09151172587256,416.8811147401712,175.3523910901726
1.974358974,12.89562061,3.32064349204704,669.6704778911528,8921.107095166803,131.6489635493011,593.9144241116672,950.4473705569884,93.62119108934888,20.978812766181772,71.41263353069007,743.0176170675742,163.23617514418103
1.666666667,8.08256178,-0.8498626106283865,646.233490799999,650.9991250436942,164.37384767266292,737.1370871556521,1049.67287920013,98.17017755932436,35.500114290621205,54.27219722618197,1203.4466155917398,141.47075354751033
1.897435897,9.85039034,0.2020404567361675,666.6071740121306,959.2235036074034,153.57757698800353,734.3033149324044,1030.8044425179753,97.2311195189072,31.400575735106813,61.36758273431802,1053.6133323600557,150.29552020472843
1.974358974,11.21013409,2.688683323064639,692.0279778901034,998.591692611604,138.54402993407348,658.6748144666316,1004.748498038112,96.52582934086831,26.690220101217964,74.15224908748705,775.6832760557011,164.50893590915192
1.948717949,11.13473111,3.0697581002723604,691.4703022000936,1254.2009199534882,136.27039844834755,631.169953610669,994.5053971580892,96.1426014472072,25.68178549337117,75.32416066868512,741.2408857766636,165.99605247272154
2.051282051,11.5891793,3.800137888410963,692.0756061823023,2253.4921356626805,130.8478833521171,590.262254272511,971.8468180343914,95.09716607780577,22.752211833658297,77.38022585652163,669.481607233854,169.22696439619563
1.897435897,12.23145535,4.270331035832944,683.9170386694797,3119.8777633589743,125.83503136100788,540.099532872978,942.1418223291472,93.66387334293886,19.523427837118156,78.06417442637216,620.2122807822697,170.13856892889095
1.641025641,7.594522606,0.49238968831153873,663.3994607313747,294.2584986360175,159.49808401266978,711.8725100163467,1061.6878032923016,99.14902237758936,36.58424331167933,60.15789962414085,1077.668515718335,147.43402687256085
1.846153846,11.22642937,4.148994973138247,708.2118952416841,320.56603305976205,128.6836021148071,637.6414656343853,978.5254031722108,95.42090052870178,21.841801057403533,79.7372984138947,635.5225132175442,172.7372984138947
2,11.05725218,5.446647012193835,664.3490297152132,389.2284040367481,114.07317476591068,401.1485217056526,872.0043443476624,90.3626155688066,12.29052688981152,80.92791132100493,503.4694785633979,173.56529575219835
2.102564103,11.49235187,5.640065546899142,658.7560475916334,713.5369514719657,114.15005762361886,507.1030209001061,879.356044073462,89.40566178541212,12.183009357300524,77.8846800489169,472.1585461833422,172.44739676912772
2.025641026,11.57663156,5.545643348093382,664.079308889378,1419.6999073720472,114.50862174629891,470.5610504682894,898.7945832417043,88.74787630940713,12.46547135524036,79.38909084556924,441.67081333148127,174.41264881573431
1.948717949,11.48478236,5.629865412926271,664.592874162112,313.9972302766169,114.50468529673856,555.378199975681,883.9763230105209,90.01488284839812,12.488360566830904,78.00725441553546,482.3401107241336,172.01171917370314
2.128205128,8.652688851,3.783968322517615,647.9117678617654,759.221601722389,138.932390262942,432.5342696452635,1019.3692907246968,91.55197267521892,26.30039649763427,63.74096560273477,717.7342079629782,158.14863171312754
1.769230769,7.481086071,-3.7084452621012245,515.1102903043396,9693.243587207182,259.19883018004856,806.7445318049482,1169.2101810778067,98.49434198367948,49.941168983976894,18.168496473562225,1898.0745000321424,100.23563920766247
1.769230769,7.65923617,-3.4261163990088312,524.1993855256827,10137.018282919158,253.46912501578927,813.1307799134679,1162.1714158784378,98.30832773855948,48.68139291511191,20.659188164516745,1844.84527302773,103.27351737477996
2.025641026,8.482389778,-1.6010551227348893,566.1900545191675,13259.729185302878,223.2196653979782,798.5400124167737,1116.6363420583666,97.1542685449515,41.7580968934178,33.79119380042629,1551.4624561856506,119.1328802992909
2.282051282,9.017170739,0.06710568693726116,630.0015571178899,25920.23277795057,196.21728869874673,763.4796199038876,1145.7720088401747,96.89630453485876,38.658082872057385,46.05675713582459,1258.8914981087737,134.79003481054662
1.615384615,9.717062623,1.763190608079447,701.9621470448826,764.2969090967966,138.9941629164359,831.2974942416931,1019.217969875816,96.78875655975985,26.96698181179179,65.56653727002015,893.4427323422458,158.43173922929174
1.564102564,10.91571328,0.8188111347195111,709.8744499146347,1407.5657828924052,150.03518648248425,877.6744305419888,1094.717011371992,97.26872578719744,31.61768388324652,59.635238377217874,977.3953718332176,152.34837456741138
1.641025641,7.258864785,-0.5302081569901017,698.1717029106594,939.0119750533094,157.56835154594827,859.1245897421331,1114.7506378623764,98.22362517359562,34.93544656360568,52.33590405245342,1131.6133134630743,144.4315169561538
1.948717949,8.295810166,-0.4354921199767371,672.1558973278778,6665.422105199976,196.9314500123672,791.0094649319448,1269.2174405420692,99.05478247923232,44.7310018965941,44.057206762861085,1266.9097992148409,134.33725116396772
1.435897436,7.163112188,-1.064528609350078,683.080550697319,951.4953466300818,181.9100702935185,847.0196022868347,1223.8583840752829,99.47603501477109,42.98937264505691,44.189816399895854,1271.1397604473814,134.9271132035684
2.153846154,9.908872508,4.001648576490256,678.555131800037,820.4054836857438,154.31779231818967,601.0668518587488,1121.4158328230387,95.5257026814744,33.99073411078951,70.96217191865014,817.2674857161174,157.26185318249614
2.307692308,10.12947697,4.115071544968244,685.3542486776795,2574.4195253540693,138.67755194136453,516.5180835377928,1045.6634485272389,93.62400936454722,26.899302601151224,76.35987852464307,771.296719605495,165.152088505665
2.230769231,10.05884372,4.240278559925988,678.7941129212082,3997.9074892463254,132.95397921496655,496.6423314630965,1002.2850159064392,92.95337152183647,23.721858215189283,77.18750073237857,726.4699312768432,166.8334529886961
2,9.804624403,4.392869649002593,670.871307701017,262.49529311988,123.0987769449104,561.7714057878958,925.8570164567255,91.96962010761416,18.1163891234532,76.45457315211645,621.0734042256921,168.86599869800403
2.128205128,10.02301039,3.985620008406894,686.9630489908884,1280.6593751528549,148.1550909730757,564.5179693051647,1102.1420968975324,94.63950733463976,31.4173577760277,73.58332808612735,816.6980677626887,160.78034581655157
1.974358974,8.965079332,3.9581237464035577,697.8143275440976,81.8888091128153,136.86349917929098,522.6590002137686,1063.176635365424,92.97203735075844,26.92332495183053,78.0288803632225,791.7512431003855,166.02979807720342
1.923076923,9.530658523,3.659232112798248,689.8249455400712,144.90068225162392,134.85857304594504,429.91268036844866,1031.1288371423134,92.9687448387412,25.905985137036268,77.04433745318082,817.3974583813305,166.0558875715103
2.051282051,9.421764252,3.9126504747591655,675.7791764635036,441.50492147279505,129.26143635354066,409.6891658365021,978.485521869502,92.70073627295456,22.50919887893261,76.81272250232027,759.3012739518581,166.45582125913512
1.897435897,9.883211879,4.40410642206061,673.5088357792806,398.0940410172214,122.22582265614896,552.9512031979251,925.8469157168256,91.9047489428487,17.7175613463729,78.84004105444139,591.1546513942325,171.34134941737742
2.179487179,9.530382617,4.461286389085625,688.8666130346755,202.58639856468815,127.2916426033404,529.2991786940504,987.9050860673976,92.64247249315792,21.287589778658273,82.00068508934756,672.4738329292579,172.99927705700787
1.846153846,8.575386127,3.6159946909890768,705.9983804118299,131.13988198575294,138.99935216473193,464.00210546462125,1081.9930357708686,93,27.99951412354895,78.00000000000001,862.9889868004428,167.00016195881702
1.974358974,8.261524151,3.9272333450415644,671.2732264171511,299.58207544063833,172.65579517485858,625.1072735491514,1200.433981320691,97.56106538209114,40.72599162416309,66.87708727713188,898.3770781690457,152.3564714968729
2.076923077,9.499911542,4.021817386147052,656.5907778665046,326.0647235584653,124.77349892149508,384.7677683509406,921.0564166704542,91.99833163877167,19.182171622473906,74.41081011233223,726.0237397949209,164.41119925953106
1.948717949,9.799141393,4.510190460287024,672.8056287369546,154.93228615966626,122.34968420860832,520.1112967080188,926.467568280149,92.0756247252972,18.21218464141534,79.8767439722003,600.7352663890757,171.88446480192522
2.128205128,9.630603763,4.311461283183718,634.4266352237994,484.426387602442,117.4247415318457,406.0981912916722,860.0906159933055,90.3450728245646,14.362241130672892,72.87431134135808,688.5453114097946,163.03771682909405
1.871794872,9.346218057,4.198888140329865,647.2902035231352,167.31856128641556,120.09673450771174,402.8710206563843,888.7416312257901,91.03224483590392,16.064489671807827,75,680.6448967180783,165.00000000000003
1.948717949,8.853129037,3.637009909769847,676.9999963018978,99.13693075354227,150.99996856613183,600.9999149436508,1107.99984467971,94.9999944528468,33.99998335854038,71.00001109430642,807.9998243401485,157.00001294335746
1.717948718,4.336955911,-6.027267452461704,390.49446389407154,734.2033427782673,385.01354218468896,1032.6909430442497,1378.1747242949978,99.99883579042444,69.20804038436535,-6.633127351156166,2441.953167186925,68.93071155892939
1.282051282,4.916309323,-5.814556056514287,413.8479493562364,1936.81849016104,338.21184810654876,961.2240455500278,1279.9639949702766,99.74388888325562,63.84539142672196,-1.7521298742863958,2336.994497072783,74.79982033262718
1.897435897,9.461812693,4.511186197339352,599.8032685958613,1749.958387796986,94.3024259555302,167.58194801015242,720.846151060319,82.07973628867057,-5.697803549591559,73.20188652917633,544.23890581317,168.473265338523
1.871794872,11.35052373,4.979752764390088,567.6841833767817,3559.66585427987,86.05064230513186,152.8185055124802,675.8434708410448,75.76331065224258,-13.94947052130448,79.30278545222396,441.0566991355791,175.61360397860142
